Time_Step,Simulated_MSD,Theoretical_MSD
0,1.9544167696057537,0.0
1,3.970424946467408,2.0
2,5.972460290953667,4.0
3,7.396335208970975,6.0
4,9.67333396762714,8.0
5,11.688745027057026,10.0
6,14.082882711861181,12.0
7,15.6274787506818,14.0
8,17.630880548851046,16.0
9,19.701544002356368,18.0
10,21.279274822260764,20.0
11,22.844574727699225,22.0
12,25.09667622474587,24.0
13,27.046610301221964,26.0
14,29.132600847413492,28.0
15,31.59253395222902,30.0
16,33.86809063783427,32.0
17,34.980659955487084,34.0
18,36.899406412427474,36.0
19,38.83457223916855,38.0
20,41.18208367471347,40.0
21,43.850162445254604,42.0
22,46.28743380425528,44.0
23,48.66329595299815,46.0
24,49.28488177748375,48.0
25,52.152084761997806,50.0
26,53.07918362604135,52.0
27,54.60321497030862,54.0
28,56.71219156410664,56.0
29,58.80587235464034,58.0
30,59.78915360705864,60.0
31,61.684970971616096,62.0
32,62.9837944504465,64.0
33,64.82595837930475,66.0
34,66.57467392165255,68.0
35,68.15366535105646,70.0
36,71.4686500952935,72.0
37,73.47549424593973,74.0
38,75.32152919669086,76.0
39,76.86579982589387,78.0
40,77.69859560066416,80.0
41,81.9009375907957,82.0
42,84.59572178433503,84.0
43,85.52772464379998,86.0
44,88.41761793489482,88.0
45,88.27706234135137,90.0
46,89.91214503852405,92.0
47,91.0738258473017,94.0
48,94.63639917340221,96.0
49,95.34369473553656,98.0
50,97.58921167220802,100.0
51,98.94327755932125,102.0
52,101.16918892653791,104.0
53,102.629967638939,106.0
54,107.34988919639692,108.0
55,110.59554963091425,110.0
56,113.88039148980718,112.0
57,115.33827550978638,114.0
58,117.45848583521067,116.0
59,119.79599914185599,118.0
60,120.7262792200219,120.0
61,122.16925102186649,122.0
62,124.63019508096919,124.0
63,126.42715841763973,126.0
64,129.5048413976978,128.0
65,133.11228882057281,130.0
66,135.81352759140083,132.0
67,137.31187078929017,134.0
68,137.06190006230733,136.0
69,140.64276010877808,138.0
70,143.53644541048405,140.0
71,146.96022665343457,142.0
72,150.633577443623,144.0
73,152.3198807461296,146.0
74,155.02731755596358,148.0
75,156.97528947469038,150.0
76,160.2435375007946,152.0
77,162.1942633482589,154.0
78,164.12567701871143,156.0
79,167.49284522899345,158.0
80,168.96923260943677,160.0
81,173.1365798423942,162.0
82,174.02550729805964,164.0
83,173.9636466351961,166.0
84,176.4005962472568,168.0
85,179.59248831854336,170.0
86,182.89068358777604,172.0
87,184.42278964033676,174.0
88,185.70633148634454,176.0
89,188.4576808755595,178.0
90,190.83034024326483,180.0
91,191.3762164678952,182.0
92,194.6088184938902,184.0
93,196.87875539936084,186.0
94,197.91867183543624,188.0
95,200.19474604030034,190.0
96,198.63564631440997,192.0
97,200.31171463219044,194.0
98,203.4973208907027,196.0
99,205.34195942400777,198.0
100,207.05107457123117,200.0
101,209.17755383976987,202.0
102,212.65745098240748,204.0
103,213.70851935848904,206.0
104,215.15707728034081,208.0
105,219.8789846157973,210.0
106,219.275491197341,212.0
107,219.14959465929252,214.0
108,222.56078393718076,216.0
109,223.50167210164562,218.0
110,226.22899593310152,220.0
111,227.93645970529707,222.0
112,228.97991975768778,224.0
113,232.6944882353694,226.0
114,231.13859049870337,228.0
115,232.1780965421862,230.0
116,234.47175505463306,232.0
117,237.6426844919262,234.0
118,239.6678422023049,236.0
119,241.3161773717119,238.0
120,241.10597169686883,240.0
121,242.71557079051288,242.0
122,246.17721768285725,244.0
123,247.3491931357231,246.0
124,250.49268005081265,248.0
125,252.02406222582218,250.0
126,254.4785345999355,252.0
127,254.80912375026563,254.0
128,256.41956040288864,256.0
129,257.75415815671454,258.0
130,260.33577519090665,260.0
131,261.8100655530642,262.0
132,264.9890226040472,264.0
133,267.11830442394205,266.0
134,266.9725856794118,268.0
135,268.2351932486652,270.0
136,269.2186304155885,272.0
137,271.6780986578128,274.0
138,273.2676711368022,276.0
139,273.2948682326286,278.0
140,275.95376307517716,280.0
141,275.1284081012382,282.0
142,278.0331742617276,284.0
143,280.4023551922861,286.0
144,281.0905304311803,288.0
145,283.7148068395826,290.0
146,288.65591110070255,292.0
147,291.5424353326804,294.0
148,297.3066795131818,296.0
149,298.02288268144224,298.0
150,298.92310010012864,300.0
151,299.951164287236,302.0
152,300.71534567971366,304.0
153,304.85095038334896,306.0
154,306.039773983874,308.0
155,308.15238577022575,310.0
156,312.4662150713064,312.0
157,314.4533431471929,314.0
158,315.7277642803609,316.0
159,318.1659356133411,318.0
160,323.2767029742145,320.0
161,324.3836268244702,322.0
162,327.7067621835695,324.0
163,328.2368076636126,326.0
164,331.2533497919732,328.0
165,332.9425302435135,330.0
166,333.17477377809143,332.0
167,334.38152701600535,334.0
168,337.443985604165,336.0
169,340.8429845763401,338.0
170,343.834266456252,340.0
171,343.7051578218659,342.0
172,346.41791726783833,344.0
173,349.92629305319747,346.0
174,351.91480483869987,348.0
175,351.8809052796939,350.0
176,351.95445584371737,352.0
177,350.14831166197024,354.0
178,354.74463722123085,356.0
179,355.0243715603244,358.0
180,357.8214369992786,360.0
181,359.8552274616345,362.0
182,360.98085186462646,364.0
183,365.1596529745684,366.0
184,366.10199467476457,368.0
185,370.97432898547584,370.0
186,374.81739099558945,372.0
187,376.28854768975634,374.0
188,381.76385635710227,376.0
189,387.99125691826293,378.0
190,389.8997502925309,380.0
191,392.6343207461228,382.0
192,394.0676359628025,384.0
193,394.2523791490134,386.0
194,401.8448184771315,388.0
195,405.4047409921672,390.0
196,408.96034084420853,392.0
197,410.5357742193936,394.0
198,412.0115769279617,396.0
199,414.80974162524143,398.0
200,416.02919284676835,400.0
201,420.46762609883615,402.0
202,419.44704963479643,404.0
203,424.41122282576043,406.0
204,425.02511209591006,408.0
205,426.33956961148135,410.0
206,430.39440979704034,412.0
207,434.90629111967394,414.0
208,438.11570075429563,416.0
209,439.65133801505027,418.0
210,440.20109308449344,420.0
211,439.4839363361124,422.0
212,440.27272710509175,424.0
213,441.64689411212595,426.0
214,445.7044609132438,428.0
215,447.0334963336105,430.0
216,451.05825654623374,432.0
217,452.2821529722444,434.0
218,454.6463717230046,436.0
219,456.82527006252116,438.0
220,460.28696588371196,440.0
221,462.0749852797834,442.0
222,466.0393707505899,444.0
223,467.26964110808996,446.0
224,468.88236845808854,448.0
225,472.9870197977399,450.0
226,476.80099340220556,452.0
227,479.8679078516377,454.0
228,483.44744822746196,456.0
229,486.4389309298234,458.0
230,488.0729692633258,460.0
231,492.47208397129793,462.0
232,492.11541801817634,464.0
233,493.8216682781877,466.0
234,497.5912494335789,468.0
235,497.97606661806464,470.0
236,496.5741826731438,472.0
237,497.31976288978615,474.0
238,498.23687286206695,476.0
239,499.96250885488143,478.0
240,504.1627837280211,480.0
241,508.1102225442119,482.0
242,511.7318962617364,484.0
243,512.2408560195338,486.0
244,515.0439836275211,488.0
245,516.4775538698465,490.0
246,517.208170047976,492.0
247,520.7907934276695,494.0
248,521.5281657799086,496.0
249,523.4706189126875,498.0
250,526.4512933917148,500.0
251,530.8128990249952,502.0
252,533.7101162260261,504.0
253,534.2841223376107,506.0
254,534.9933221345319,508.0
255,535.8186534867527,510.0
256,536.249081037083,512.0
257,540.3223881017145,514.0
258,548.0835715332611,516.0
259,552.607515560436,518.0
260,559.2321920093566,520.0
261,560.9169516990744,522.0
262,556.3326858574875,524.0
263,556.3583583518792,526.0
264,558.5414952760348,528.0
265,559.2417560355244,530.0
266,560.1561725598218,532.0
267,560.6928735111547,534.0
268,560.4326767310929,536.0
269,562.8580886851521,538.0
270,564.1127146380791,540.0
271,565.2549276693276,542.0
272,568.2020445754736,544.0
273,568.6631755033895,546.0
274,568.882723321853,548.0
275,572.4192300821566,550.0
276,572.7619469258494,552.0
277,575.7135060108906,554.0
278,580.2065411166881,556.0
279,585.3702774254324,558.0
280,585.7721765976685,560.0
281,586.0833817089593,562.0
282,588.3548427549777,564.0
283,587.2003010137184,566.0
284,590.3217818137924,568.0
285,590.9251522492727,570.0
286,591.2799485626144,572.0
287,594.7110236261307,574.0
288,598.1925718999922,576.0
289,601.6282131533745,578.0
290,603.748579234237,580.0
291,607.0617459756601,582.0
292,610.835010375373,584.0
293,614.9486064968619,586.0
294,615.1194505528139,588.0
295,616.5843015310865,590.0
296,619.05279934591,592.0
297,619.7846714391914,594.0
298,626.6457289826982,596.0
299,632.4226945844282,598.0
300,635.9311677890616,600.0
301,639.4693200085297,602.0
302,644.5169418419637,604.0
303,649.5783128925236,606.0
304,649.5070824428287,608.0
305,650.8306142576364,610.0
306,651.1529365850415,612.0
307,651.3392209915631,614.0
308,655.020022760883,616.0
309,654.3364371137071,618.0
310,653.2534505452709,620.0
311,653.7448163728277,622.0
312,654.1304071602707,624.0
313,660.0617345844673,626.0
314,664.5566565623202,628.0
315,668.4508500797117,630.0
316,667.7079643049358,632.0
317,670.575333777046,634.0
318,670.4794514857803,636.0
319,672.2313200711027,638.0
320,675.9766234694707,640.0
321,675.0086845458216,642.0
322,674.0234938429389,644.0
323,674.7482557661037,646.0
324,681.8566217710089,648.0
325,686.1594266864219,650.0
326,689.6201988346393,652.0
327,689.1122428714518,654.0
328,693.4478418368614,656.0
329,692.4003063654526,658.0
330,693.461009503473,660.0
331,694.8477302214462,662.0
332,696.2684716223049,664.0
333,697.1617542315488,666.0
334,699.7967929494476,668.0
335,701.8092850644113,670.0
336,700.9993590579484,672.0
337,704.4756282444459,674.0
338,703.9710805495298,676.0
339,707.0487613091153,678.0
340,704.7198715218269,680.0
341,708.1528924711354,682.0
342,707.3087687026207,684.0
343,704.3629629205434,686.0
344,700.1846058349628,688.0
345,700.5757063724561,690.0
346,701.681611445899,692.0
347,702.3134698127927,694.0
348,708.2670518723091,696.0
349,712.2663658156015,698.0
350,718.5347078995574,700.0
351,720.3275566103279,702.0
352,721.933139705591,704.0
353,722.03066049262,706.0
354,729.1703392339184,708.0
355,731.4062224854756,710.0
356,734.9251660179726,712.0
357,737.2712369125372,714.0
358,741.1374830997503,716.0
359,742.5061581914325,718.0
360,743.7551106487358,720.0
361,744.3773850493468,722.0
362,749.2096359268444,724.0
363,752.7438622622662,726.0
364,755.1637072296493,728.0
365,752.7397223256489,730.0
366,755.6960236644879,732.0
367,758.0104751360348,734.0
368,759.904780030294,736.0
369,764.0964183203276,738.0
370,765.5601713487722,740.0
371,768.3313626490321,742.0
372,768.5420105506145,744.0
373,769.3868316690272,746.0
374,770.5980651832105,748.0
375,767.4424510809765,750.0
376,763.2987455884447,752.0
377,763.6037304919768,754.0
378,762.6860694350245,756.0
379,765.293651869439,758.0
380,767.0177367529052,760.0
381,765.3735275570798,762.0
382,766.887763429261,764.0
383,769.5549980271654,766.0
384,767.28873664807,768.0
385,769.6671553285047,770.0
386,777.7657756426523,772.0
387,780.4826243552711,774.0
388,783.5564125824022,776.0
389,785.5709972021152,778.0
390,792.1238009261857,780.0
391,796.1054058956194,782.0
392,800.9388318645068,784.0
393,807.4170813715655,786.0
394,813.3187543132071,788.0
395,812.2219344520512,790.0
396,816.9323863614261,792.0
397,821.1707653216484,794.0
398,820.6536173248194,796.0
399,825.5853147552302,798.0
400,829.8854036601757,800.0
401,836.2996392651105,802.0
402,835.6853224155592,804.0
403,839.8787493768051,806.0
404,839.3783275022583,808.0
405,838.758635759338,810.0
406,841.7873975264047,812.0
407,843.8223477102707,814.0
408,842.0081078026064,816.0
409,843.9495507598492,818.0
410,844.824179831254,820.0
411,846.1151371892764,822.0
412,848.1693651795343,824.0
413,850.8034330036262,826.0
414,856.3473033298169,828.0
415,861.5145969509726,830.0
416,861.0650199799487,832.0
417,860.4277643256135,834.0
418,861.6375546845547,836.0
419,864.1254651297472,838.0
420,864.9887087657299,840.0
421,865.8669269157115,842.0
422,869.908103996796,844.0
423,876.1518197415753,846.0
424,879.5991958594733,848.0
425,883.2995757960996,850.0
426,883.7008205707914,852.0
427,884.2595735800946,854.0
428,881.1323714048177,856.0
429,880.831363083443,858.0
430,880.744092649071,860.0
431,881.0779249579739,862.0
432,881.4659386949495,864.0
433,881.0480421020342,866.0
434,882.541044326996,868.0
435,888.8597274266615,870.0
436,893.6828624783791,872.0
437,897.6699630615251,874.0
438,894.3983911469332,876.0
439,901.5486553314166,878.0
440,903.5432666720933,880.0
441,905.7702973397478,882.0
442,909.7227269546161,884.0
443,909.3127575320361,886.0
444,913.2714833808657,888.0
445,912.9600217612758,890.0
446,914.7051596361126,892.0
447,918.6141515734993,894.0
448,922.7953239863843,896.0
449,922.004229388715,898.0
450,924.8409682797729,900.0
451,926.674046497314,902.0
452,930.5808863057852,904.0
453,936.0635762898775,906.0
454,940.2087082835368,908.0
455,938.3902362640957,910.0
456,937.8499638909417,912.0
457,942.458639038535,914.0
458,946.3873559752493,916.0
459,953.5199595189994,918.0
460,948.4463295016309,920.0
461,954.5589316034491,922.0
462,958.3126762065727,924.0
463,956.5668802689476,926.0
464,957.5092866645006,928.0
465,958.2832074067403,930.0
466,954.5115064675675,932.0
467,958.0158547253523,934.0
468,962.0205767230003,936.0
469,964.0581854572467,938.0
470,963.4325808218188,940.0
471,964.3420023290001,942.0
472,968.7236137313674,944.0
473,975.2982209186443,946.0
474,976.8082550597727,948.0
475,979.3859654968775,950.0
476,979.5611451862454,952.0
477,981.8627792162464,954.0
478,982.3168534812215,956.0
479,987.0687394513482,958.0
480,980.583889144181,960.0
481,983.7846417429553,962.0
482,984.2211132391704,964.0
483,984.4270817425258,966.0
484,983.3220280601306,968.0
485,984.1941097804811,970.0
486,985.0102112663437,972.0
487,987.3635514440418,974.0
488,989.4971384725982,976.0
489,987.7169844845247,978.0
490,990.7248123553795,980.0
491,993.1256707159808,982.0
492,998.6670845425558,984.0
493,1002.4760448207516,986.0
494,1004.5808981409958,988.0
495,1012.6685441009804,990.0
496,1015.1206194949534,992.0
497,1008.0472648563026,994.0
498,1003.2513126237558,996.0
499,1006.2964252578693,998.0
500,1004.8618446564534,1000.0
501,1007.7830232649624,1002.0
502,1008.103989866381,1004.0
503,1008.5281783095066,1006.0
504,1006.998634197096,1008.0
505,1012.3408681244438,1010.0
506,1013.1992731123247,1012.0
507,1014.2939589310299,1014.0
508,1018.8533672893612,1016.0
509,1016.2043964677955,1018.0
510,1013.2636970834272,1020.0
511,1018.342185489673,1022.0
512,1020.9605621076619,1024.0
513,1013.1993649999014,1026.0
514,1016.638883454274,1028.0
515,1022.844426053506,1030.0
516,1024.9136330164667,1032.0
517,1027.3683546839752,1034.0
518,1031.716321336938,1036.0
519,1036.4994163546478,1038.0
520,1037.970862741814,1040.0
521,1040.6515750145754,1042.0
522,1041.5836226546537,1044.0
523,1048.3757009543156,1046.0
524,1048.7387231503435,1048.0
525,1051.7419695319636,1050.0
526,1050.835573870914,1052.0
527,1055.064443293403,1054.0
528,1056.5855263677743,1056.0
529,1057.3460111385991,1058.0
530,1059.0238295053841,1060.0
531,1064.8846208622747,1062.0
532,1065.96599659511,1064.0
533,1071.6265713004293,1066.0
534,1069.8194474964193,1068.0
535,1074.0478464374164,1070.0
536,1076.6720468501553,1072.0
537,1075.9967731161612,1074.0
538,1084.2686211932037,1076.0
539,1094.7398119433205,1078.0
540,1091.4991787396107,1080.0
541,1096.1943611952515,1082.0
542,1098.601104280915,1084.0
543,1098.8923894532938,1086.0
544,1101.4436136759937,1088.0
545,1104.6993857144082,1090.0
546,1112.1102012508657,1092.0
547,1112.7355263666047,1094.0
548,1114.0625135164084,1096.0
549,1116.900380221693,1098.0
550,1117.8043223110524,1100.0
551,1119.8428063617139,1102.0
552,1123.0397890336337,1104.0
553,1118.488011742295,1106.0
554,1119.7562574773426,1108.0
555,1126.432994448191,1110.0
556,1129.831129784735,1112.0
557,1135.0504519482993,1114.0
558,1138.7485918775171,1116.0
559,1142.358820794479,1118.0
560,1138.7345177885584,1120.0
561,1141.184988293494,1122.0
562,1143.3699184984514,1124.0
563,1146.5301574042815,1126.0
564,1152.7144587353712,1128.0
565,1153.311191899889,1130.0
566,1152.6896780664074,1132.0
567,1151.55226894755,1134.0
568,1148.5414304215203,1136.0
569,1148.5801803253585,1138.0
570,1149.7446229870156,1140.0
571,1149.9801658498434,1142.0
572,1153.373258635324,1144.0
573,1161.1907538664739,1146.0
574,1161.088317304011,1148.0
575,1164.564048434895,1150.0
576,1169.5839140756843,1152.0
577,1165.5785886818041,1154.0
578,1163.002746878978,1156.0
579,1168.1280110761638,1158.0
580,1168.4864381537275,1160.0
581,1164.7992032427014,1162.0
582,1163.8208170858777,1164.0
583,1159.3708887887467,1166.0
584,1160.3544996356773,1168.0
585,1166.516189208576,1170.0
586,1163.3738484611224,1172.0
587,1165.0921466781851,1174.0
588,1169.2259768999718,1176.0
589,1178.0545104002047,1178.0
590,1179.0130994408842,1180.0
591,1180.3591391503617,1182.0
592,1190.7017042694367,1184.0
593,1190.9588790222435,1186.0
594,1191.8740392020745,1188.0
595,1195.3926358236645,1190.0
596,1200.551146522954,1192.0
597,1199.2881006519008,1194.0
598,1199.948108595882,1196.0
599,1207.537685067329,1198.0
600,1211.5296502125157,1200.0
601,1213.96708301705,1202.0
602,1212.7672795400752,1204.0
603,1217.446257061997,1206.0
604,1218.972453031494,1208.0
605,1223.7708852994938,1210.0
606,1223.9294329887632,1212.0
607,1230.857668236838,1214.0
608,1237.3963402146169,1216.0
609,1235.83595808314,1218.0
610,1241.1176006212484,1220.0
611,1241.0789530589657,1222.0
612,1246.2498565012513,1224.0
613,1244.8282405071066,1226.0
614,1244.1807133413952,1228.0
615,1247.328404643951,1230.0
616,1249.1230119191473,1232.0
617,1250.0599353946304,1234.0
618,1255.358896169218,1236.0
619,1255.4980877859446,1238.0
620,1258.8212277137866,1240.0
621,1258.3243070920507,1242.0
622,1254.4145974137289,1244.0
623,1257.800743257699,1246.0
624,1265.826962937155,1248.0
625,1268.93552528522,1250.0
626,1269.4307963494532,1252.0
627,1270.562739689111,1254.0
628,1268.9246423634213,1256.0
629,1268.0152267637127,1258.0
630,1270.2422239059968,1260.0
631,1273.3990087205113,1262.0
632,1280.1674203602884,1264.0
633,1283.5666926918907,1266.0
634,1284.0155012393896,1268.0
635,1284.3551244007854,1270.0
636,1289.7257469986803,1272.0
637,1289.1134756963654,1274.0
638,1289.8544441964498,1276.0
639,1292.3684568439571,1278.0
640,1299.631013667256,1280.0
641,1303.826606269446,1282.0
642,1309.2575500773792,1284.0
643,1314.190892071586,1286.0
644,1312.6223831425361,1288.0
645,1310.525050904223,1290.0
646,1314.2246426531942,1292.0
647,1312.9818328851425,1294.0
648,1316.9622947684852,1296.0
649,1322.0958734514943,1298.0
650,1317.0690724785065,1300.0
651,1317.9223140085107,1302.0
652,1314.981416374253,1304.0
653,1317.4865565343928,1306.0
654,1318.0201999668134,1308.0
655,1317.3197621046347,1310.0
656,1316.3055641739847,1312.0
657,1319.9492688625714,1314.0
658,1323.6618355136425,1316.0
659,1327.7687812710767,1318.0
660,1333.6477461453753,1320.0
661,1333.9692603078981,1322.0
662,1336.4256093510767,1324.0
663,1335.9956163272764,1326.0
664,1334.8311443664356,1328.0
665,1339.4986933768791,1330.0
666,1350.0094047189216,1332.0
667,1351.1452597408847,1334.0
668,1351.53046423966,1336.0
669,1354.888943415,1338.0
670,1359.6345314741095,1340.0
671,1360.5980167404828,1342.0
672,1366.806281952924,1344.0
673,1367.7417139415234,1346.0
674,1373.603071968328,1348.0
675,1376.7478842670994,1350.0
676,1375.6306557523646,1352.0
677,1372.1035339668338,1354.0
678,1374.2771638868933,1356.0
679,1373.35013451124,1358.0
680,1375.3399684257145,1360.0
681,1378.1161815596954,1362.0
682,1379.5473988681313,1364.0
683,1382.081610195601,1366.0
684,1383.3892220440205,1368.0
685,1385.071308271804,1370.0
686,1387.3841573890686,1372.0
687,1385.5352717974204,1374.0
688,1389.9369006029553,1376.0
689,1398.4944173049732,1378.0
690,1404.9365227232909,1380.0
691,1400.9670227540582,1382.0
692,1404.6479591270995,1384.0
693,1405.556375381773,1386.0
694,1407.8831637767032,1388.0
695,1410.9058259059968,1390.0
696,1410.0978727190775,1392.0
697,1412.3171931655838,1394.0
698,1417.2053972322674,1396.0
699,1419.2930624409657,1398.0
700,1418.8981502886627,1400.0
701,1428.2085764558385,1402.0
702,1426.3699185117605,1404.0
703,1428.402967144558,1406.0
704,1432.642900056075,1408.0
705,1430.7908320748027,1410.0
706,1428.3267896849209,1412.0
707,1424.3270269049644,1414.0
708,1424.8183230929294,1416.0
709,1426.4198463692906,1418.0
710,1426.3907579682214,1420.0
711,1425.986798448183,1422.0
712,1426.1277316618298,1424.0
713,1428.6545220537355,1426.0
714,1424.9722377330481,1428.0
715,1432.6498821752323,1430.0
716,1439.6793264852852,1432.0
717,1443.221402737759,1434.0
718,1443.3576903789317,1436.0
719,1445.9182053089007,1438.0
720,1449.5958767348213,1440.0
721,1448.3689805565114,1442.0
722,1451.285509621957,1444.0
723,1454.0557478021499,1446.0
724,1457.3528673765916,1448.0
725,1458.9761468594638,1450.0
726,1458.6280068771364,1452.0
727,1459.1610369791586,1454.0
728,1465.5444105298125,1456.0
729,1464.6092328100256,1458.0
730,1466.2214320245541,1460.0
731,1466.4275846265423,1462.0
732,1466.0272710039487,1464.0
733,1469.4950529007006,1466.0
734,1471.4309537382303,1468.0
735,1476.3439387897556,1470.0
736,1483.241241567054,1472.0
737,1486.6410587748712,1474.0
738,1488.4398039956554,1476.0
739,1489.014168593595,1478.0
740,1491.2997106314415,1480.0
741,1498.2032259362668,1482.0
742,1500.2762298554937,1484.0
743,1499.2769672627724,1486.0
744,1500.915466335419,1488.0
745,1502.7337163556567,1490.0
746,1498.723553128503,1492.0
747,1501.4222991603094,1494.0
748,1502.9660937287476,1496.0
749,1511.6164432950457,1498.0
750,1511.9459619049467,1500.0
751,1509.5145918813246,1502.0
752,1512.6820564049513,1504.0
753,1509.00718833124,1506.0
754,1512.6594917200366,1508.0
755,1519.4877619880483,1510.0
756,1520.3082699138606,1512.0
757,1525.1935270217944,1514.0
758,1526.6954536526664,1516.0
759,1524.2928694776733,1518.0
760,1529.043077291025,1520.0
761,1530.5749522660344,1522.0
762,1529.1243403762387,1524.0
763,1535.2583293256137,1526.0
764,1539.8025933934869,1528.0
765,1541.1472481838637,1530.0
766,1544.8636163009946,1532.0
767,1548.7674445262237,1534.0
768,1550.008475305315,1536.0
769,1559.2608024539468,1538.0
770,1566.3829979510706,1540.0
771,1568.455045362868,1542.0
772,1566.8846798946443,1544.0
773,1569.878224625521,1546.0
774,1567.309941761912,1548.0
775,1566.7871503123497,1550.0
776,1572.1539307453638,1552.0
777,1573.7122085552292,1554.0
778,1572.184963498947,1556.0
779,1580.9516578975056,1558.0
780,1583.935076740203,1560.0
781,1586.4235034801995,1562.0
782,1592.5536664158676,1564.0
783,1588.9140435087843,1566.0
784,1594.06509653332,1568.0
785,1594.9115704049145,1570.0
786,1594.701437770868,1572.0
787,1602.5148573948077,1574.0
788,1608.572549222459,1576.0
789,1602.5895466882114,1578.0
790,1611.0654581732765,1580.0
791,1612.251114432532,1582.0
792,1614.682156304677,1584.0
793,1613.4249690658273,1586.0
794,1610.4057318620091,1588.0
795,1611.2210114803065,1590.0
796,1608.645994541709,1592.0
797,1610.815936416425,1594.0
798,1611.0422379126687,1596.0
799,1614.6341484641223,1598.0
800,1616.3783735874786,1600.0
801,1611.8511754604374,1602.0
802,1617.2377580685215,1604.0
803,1619.0222732279735,1606.0
804,1622.5594553327528,1608.0
805,1625.1142061753274,1610.0
806,1625.21846083367,1612.0
807,1628.779312949708,1614.0
808,1633.764066744942,1616.0
809,1638.6972370930405,1618.0
810,1646.0220122014905,1620.0
811,1644.294277652954,1622.0
812,1646.6984790675574,1624.0
813,1649.55824941752,1626.0
814,1651.720559451218,1628.0
815,1645.9846130956082,1630.0
816,1644.747470548039,1632.0
817,1646.5997169213133,1634.0
818,1641.996708258701,1636.0
819,1643.8124532063605,1638.0
820,1647.9811397074188,1640.0
821,1651.3865409997497,1642.0
822,1652.2573671964487,1644.0
823,1649.1900161181802,1646.0
824,1653.6084220200723,1648.0
825,1654.1218639471535,1650.0
826,1661.3489738849034,1652.0
827,1665.401748088013,1654.0
828,1661.6108354461417,1656.0
829,1664.5223234072535,1658.0
830,1660.2142305461327,1660.0
831,1659.693693677328,1662.0
832,1666.852721172745,1664.0
833,1674.3328029706015,1666.0
834,1670.4024949987047,1668.0
835,1673.2379518293626,1670.0
836,1678.6531468592598,1672.0
837,1679.0522945171947,1674.0
838,1685.9509637815315,1676.0
839,1690.6550116762326,1678.0
840,1694.7115513166493,1680.0
841,1696.133855101243,1682.0
842,1693.9263248041543,1684.0
843,1689.5620556253964,1686.0
844,1696.6910561274544,1688.0
845,1702.0149147519603,1690.0
846,1705.6808881708996,1692.0
847,1707.4509767572051,1694.0
848,1706.928064243209,1696.0
849,1713.9331890966855,1698.0
850,1720.0527873798842,1700.0
851,1725.1283828310377,1702.0
852,1728.3398977851452,1704.0
853,1734.2459063403314,1706.0
854,1739.0424352155599,1708.0
855,1739.9693312445972,1710.0
856,1739.2496811077026,1712.0
857,1742.1762809839624,1714.0
858,1738.4071446708217,1716.0
859,1736.8814903847406,1718.0
860,1740.8457230598228,1720.0
861,1746.147908534654,1722.0
862,1744.7815421664923,1724.0
863,1755.2843816231975,1726.0
864,1757.4974255003997,1728.0
865,1760.257326121396,1730.0
866,1764.0431526976313,1732.0
867,1774.4356271129727,1734.0
868,1781.3462696150616,1736.0
869,1785.3304758354536,1738.0
870,1788.8621859484185,1740.0
871,1791.5839200188343,1742.0
872,1788.7610983937798,1744.0
873,1789.090866395026,1746.0
874,1789.283116860595,1748.0
875,1791.2688864633726,1750.0
876,1797.1046813378944,1752.0
877,1792.6547029787782,1754.0
878,1795.857349554048,1756.0
879,1790.8580753088138,1758.0
880,1797.212801031797,1760.0
881,1797.2398131884004,1762.0
882,1802.9843935358679,1764.0
883,1796.6664303275109,1766.0
884,1800.62120444066,1768.0
885,1804.8398859145486,1770.0
886,1803.7892623949106,1772.0
887,1810.0441471015042,1774.0
888,1820.3227970416601,1776.0
889,1827.1807091229798,1778.0
890,1834.712136654871,1780.0
891,1838.8422525571245,1782.0
892,1839.25850799631,1784.0
893,1847.0661095627117,1786.0
894,1851.7407946368332,1788.0
895,1856.913234978951,1790.0
896,1861.449470698483,1792.0
897,1859.0351139414033,1794.0
898,1862.3642113786993,1796.0
899,1865.108111940147,1798.0
900,1865.2788348214433,1800.0
901,1858.2524832605648,1802.0
902,1862.662575035154,1804.0
903,1865.8365769134155,1806.0
904,1873.2336721376319,1808.0
905,1875.6839827254357,1810.0
906,1887.003268696854,1812.0
907,1884.723916523315,1814.0
908,1885.7746739481634,1816.0
909,1884.2514926742572,1818.0
910,1888.4411893606123,1820.0
911,1889.6524086670645,1822.0
912,1891.525034097561,1824.0
913,1893.3997017445602,1826.0
914,1888.7248418136674,1828.0
915,1885.7241686505686,1830.0
916,1891.98057063759,1832.0
917,1892.5874213646753,1834.0
918,1891.863345158718,1836.0
919,1891.72470221885,1838.0
920,1891.3062295358843,1840.0
921,1895.2118567456855,1842.0
922,1903.2702572293335,1844.0
923,1903.5158385629627,1846.0
924,1904.494244337215,1848.0
925,1907.1712474842973,1850.0
926,1904.8946563604015,1852.0
927,1910.496757853566,1854.0
928,1915.8795077632328,1856.0
929,1918.5355387934028,1858.0
930,1917.686608218384,1860.0
931,1914.7604015600405,1862.0
932,1913.2437985204529,1864.0
933,1914.706852688978,1866.0
934,1917.1200967051436,1868.0
935,1919.5879307718676,1870.0
936,1908.5498720875166,1872.0
937,1907.0688107611766,1874.0
938,1911.5189299448812,1876.0
939,1913.6312709467356,1878.0
940,1913.4373561652535,1880.0
941,1917.0167505375075,1882.0
942,1918.4585826387868,1884.0
943,1922.0493179925836,1886.0
944,1926.9008689635573,1888.0
945,1922.0178550337916,1890.0
946,1927.0422000444676,1892.0
947,1930.9805019747253,1894.0
948,1929.9479474081907,1896.0
949,1929.885258374222,1898.0
950,1931.4841199591863,1900.0
951,1939.0202832220423,1902.0
952,1949.7670154429147,1904.0
953,1952.1522434530823,1906.0
954,1955.0826077225195,1908.0
955,1960.4491273631877,1910.0
956,1961.4643193113068,1912.0
957,1964.2705952995752,1914.0
958,1964.435254083782,1916.0
959,1960.5609917179288,1918.0
960,1958.541629668201,1920.0
961,1959.8109170354141,1922.0
962,1961.6153281135225,1924.0
963,1964.8028161912678,1926.0
964,1971.9732942022038,1928.0
965,1979.5766411809823,1930.0
966,1988.1098456892944,1932.0
967,1988.8728671286021,1934.0
968,1994.6876708745758,1936.0
969,1999.0067364949984,1938.0
970,2005.7760186607168,1940.0
971,2005.411239441257,1942.0
972,2001.1399461533185,1944.0
973,2002.4794176064484,1946.0
974,2001.3255911517506,1948.0
975,2004.0594158730737,1950.0
976,2005.904707917596,1952.0
977,2006.6480826957095,1954.0
978,2005.8989920632052,1956.0
979,2010.7466084213893,1958.0
980,2015.3090235244747,1960.0
981,2015.9732289160147,1962.0
982,2014.8512988665484,1964.0
983,2022.1568882209106,1966.0
984,2033.37435229907,1968.0
985,2027.9015452984124,1970.0
986,2026.4839937837041,1972.0
987,2022.535487566967,1974.0
988,2026.0441859183097,1976.0
989,2028.1914429713086,1978.0
990,2023.8129159514817,1980.0
991,2025.158800049842,1982.0
992,2026.3106207235344,1984.0
993,2020.0015094670632,1986.0
994,2023.140498095983,1988.0
995,2021.9022971260067,1990.0
996,2019.5019985275674,1992.0
997,2022.3925405842697,1994.0
998,2027.250419885197,1996.0
999,2022.8958967405124,1998.0
