Time,water (gamma=0.1),cytoplasm (gamma=0.5),Dense fluid (gamma=2.0)
0.0,1.0,1.0,1.0
0.01001001001001001,0.9989989157271633,0.9970009185623745,0.9895439533170627
0.02002002002002002,0.9969981674147204,0.9930141640657308,0.9782154211865987
0.03003003003003003,0.9940007593130287,0.9880486767962949,0.9660440581507372
0.04004004004004004,0.990010690989288,0.9821143366803012,0.9530598506196792
0.050050050050050046,0.9850329523254858,0.9752219486569724,0.939293077574288
0.06006006006006006,0.979073517529381,0.9673832271942742,0.9247742717283537
0.07007007007007007,0.9721393381655092,0.9586107799672956,0.9095341811838009
0.08008008008008008,0.9642383352141769,0.9489180907198531,0.8936037316109071
0.09009009009009009,0.9553793901673632,0.9383195013306264,0.8770139889843912
0.10010010010010009,0.9455723351714195,0.9268301931058363,0.8597961229050172
0.11011011011011011,0.9348279422273887,0.914466167321139,0.8419813705351278
0.12012012012012012,0.9231579114607086,0.901244225036053,0.8236010011752897
0.13013013013013014,0.9105748584729761,0.8871819462048489,0.8046862815079967
0.14014014014014015,0.8970923007893655,0.8722976681084247,0.7852684415331324
0.15015015015015015,0.8827246434161751,0.8566104631322441,0.7653786412186495
0.16016016016016016,0.8674871635238635,0.8401401159159526,0.7450479378886804
0.17017017017017017,0.8513959942717907,0.8229070999007875,0.724307254370045
0.18018018018018017,0.8344681077917249,0.8049325533013711,0.70318734791688
0.19019019019019018,0.8167212973480035,0.7862382545289313,0.681718779931877
0.20020020020020018,0.7981741586930389,0.7668465970933958,0.6599318865013744
0.21021021021021022,0.7788460706376524,0.7467805640122103,0.6378567497603256
0.22022022022022023,0.7587571748564819,0.7260637017540721,0.6155231701019369
0.23023023023023023,0.7379283549494576,0.7047200937461112,0.5929606392455594
0.24024024024024024,0.7163812147810648,0.6827743334733347,0.5701983141752053
0.2502502502502503,0.6941380561198097,0.6602514971994292,0.5472649919598743
0.2602602602602603,0.6712218556009922,0.6371771163382416,0.5241890854656833
0.2702702702702703,0.6476562410365302,0.613577149505467,0.5009985999686238
0.2802802802802803,0.6234654670962267,0.5894779542802494,0.4777211106756182
0.2902902902902903,0.5986743903854622,0.5649062587065395,0.45438374116039487
0.3003003003003003,0.5733084439448822,0.5398891325641694,0.43101314271958285
0.3103103103103103,0.5473936111982015,0.5144539584396863,0.4076354746533089
0.3203203203203203,0.5209563993747712,0.48862840262703655,0.3842763854734921
0.3303303303303303,0.49402381243405874,0.4624403858882155,0.36096099504194984
0.34034034034034033,0.4666233235196558,0.43591805410398393,0.3377138776393767
0.35035035035035034,0.43878284697088105,0.40908974884471955,0.31455904596521994
0.36036036036036034,0.4105307099204526,0.3819839778913946,0.2915199360674577
0.37037037037037035,0.3818956235070949,0.35462938573657626,0.26861939320029304
0.38038038038038036,0.3529066537323009,0.3270547240952153,0.24587965860680253
0.39039039039039036,0.3235931919907973,0.2992888224548298,0.22332235722262753
0.40040040040040037,0.29398492530455783,0.2713605586945043,0.20096848629587064
0.41041041041041043,0.2641118062904767,0.24329882980190834,0.1788384049174525
0.42042042042042044,0.23400402289205233,0.21513252271729347,0.15695182445530897
0.43043043043043044,0.2036919679056334,0.18689048533315508,0.13532779988494892
0.44044044044044045,0.1732062083319621,0.15860149767794912,0.1139847220080681
0.45045045045045046,0.14257745458388285,0.13029424331192002,0.09294031055010499
0.46046046046046046,0.11183652958121015,0.10199728096275168,0.07221160812685101
0.47047047047047047,0.08101433776382079,0.0737390164283653,0.051814975069471435
0.4804804804804805,0.05014183405409288,0.045547674773788994,0.03176608509656949
0.4904904904904905,0.01924999279983119,0.017451272848590372,0.012079921821227226
0.5005005005005005,-0.011630223271192989,-0.010522407849089827,-0.007229223919716198
0.5105105105105106,-0.04246789405400045,-0.03834584793634274,-0.02614775592753109
0.5205205205205206,-0.0732321729954527,-0.0659918165120808,-0.0446627737086115
0.5305305305305306,-0.10389231791867937,-0.09343339710187465,-0.06276207276122496
0.5405405405405406,-0.1344177217121164,-0.12064401315705456,-0.08043414409715235
0.5505505505505506,-0.16477794285254901,-0.14759745308465685,-0.09766817301390439
0.5605605605605606,-0.19494273573175197,-0.17426789478538637,-0.1144540371337087
0.5705705705705706,-0.22488208075654514,-0.20062992967737345,-0.1307823037259402
0.5805805805805806,-0.2545662141923439,-0.22665858618413495,-0.14664422633012064
0.5905905905905906,-0.2839656577205633,-0.2523293526657903,-0.1620317406970332
0.6006006006006006,-0.31305124768055964,-0.2776181997732538,-0.17693746006589867
0.6106106106106106,-0.34179416396713125,-0.302501602205801,-0.19135466979592522
0.6206206206206206,-0.3701659585549797,-0.3269565598531094,-0.20527732137088675
0.6306306306306306,-0.39813858362193066,-0.3509606183035823,-0.21870002579569892
0.6406406406406406,-0.4256844192431482,-0.3744918887014969,-0.23161804640424938
0.6506506506506506,-0.45277630062902685,-0.39752906693625706,-0.24402729109799856
0.6606606606606606,-0.4793875448799424,-0.4200514521477892,-0.25592430403510497
0.6706706706706707,-0.5054919772315345,-0.44203896453288083,-0.26730625679002995
0.6806806806806807,-0.5310639567647537,-0.4634721624380514,-0.27817093900376944
0.6906906906906907,-0.5560784015554451,-0.4843322587253204,-0.2885167485450051
0.7007007007007007,-0.5805108132388457,-0.5046011363980513,-0.29834268120260976
0.7107107107107107,-0.6043373009649686,-0.5242613634748444,-0.3076483199300381
0.7207207207207207,-0.627534604721495,-0.5432962071002805,-0.31643382366222517
0.7307307307307307,-0.6500801180014397,-0.5616896468821323,-0.32469991572566553
0.7407407407407407,-0.6719519097935407,-0.5794263874454891,-0.3324478718623825
0.7507507507507507,-0.693128745874028,-0.5964918701950883,-0.33967950788851153
0.7607607607607607,-0.7135901093791361,-0.6128722842779656,-0.3463971670082014
0.7707707707707707,-0.7333162206384813,-0.6285545767394046,-0.35260370680351205
0.7807807807807807,-0.7522880562501674,-0.6435264618659878,-0.35830248592092395
0.7907907907907907,-0.7704873673792813,-0.6577764297104215,-0.3634973504750009
0.8008008008008007,-0.7878966972622173,-0.6712937537936371,-0.36819262018964716
0.8108108108108109,-0.8044993979001009,-0.6840684979805418,-0.37239307429728297
0.8208208208208209,-0.8202796459253889,-0.6960915225266151,-0.3761039372161214
0.8308308308308309,-0.8352224576265979,-0.7073544892934266,-0.37933086402557514
0.8408408408408409,-0.8493137031169339,-0.7178498661319632,-0.3820799257596393
0.8508508508508509,-0.8625401196335041,-0.7275709304335243,-0.38435759453790963
0.8608608608608609,-0.8748893239546476,-0.736511771848762,-0.386170728553674
0.8708708708708709,-0.8863498239238374,-0.7446672941762911,-0.3875265569382945
0.8808808808808809,-0.8969110290694988,-0.75203321642311,-0.38843266452084385
0.8908908908908909,-0.906563260311013,-0.7586060730399046,-0.38889697650170363
0.9009009009009009,-0.9152977587421012,-0.7643832133351163,-0.38892774305855266
0.9109109109109109,-0.9231066934837072,-0.7693628000724639,-0.388533523902882
0.9209209209209209,-0.9299831685994527,-0.7735438072574068,-0.3877231728048698
0.9309309309309309,-0.9359212290676653,-0.7769260171188223,-0.386505822104126
0.9409409409409409,-0.9409158658049526,-0.779510016292955,-0.3848908672234914
0.950950950950951,-0.9449630197372298,-0.781297191217454,-0.3828879512027254
0.960960960960961,-0.9480595849150825,-0.7822897227440758,-0.38050694926856526
0.970970970970971,-0.9502034106712951,-0.7824905799793723,-0.3777579534572727
0.980980980980981,-0.9513933028193479,-0.7819035133634088,-0.3746512573054054
0.990990990990991,-0.9516290238926354,-0.7805330469972821,-0.3711973406241667
1.001001001001001,-0.9509112924251316,-0.7783844702308995,-0.3674068543722896
1.011011011011011,-0.9492417812751781,-0.7754638285231753,-0.3632906056420083
1.021021021021021,-0.9466231149950329,-0.7717779135874676,-0.3588595427722575
1.031031031031031,-0.9430588662497703,-0.7673342528357336,-0.3541247406028227
1.0410410410410411,-0.9385535512900676,-0.7621410981355224,-0.3490973858827358
1.0510510510510511,-0.9331126244843613,-0.7562074138945379,-0.3437887628457819
1.0610610610610611,-0.9267424719167938,-0.7495428644881195,-0.33821023896554314
1.0710710710710711,-0.9194504040582909,-0.742157801045555,-0.33237325090196385
1.0810810810810811,-0.9112446475190469,-0.7340632476117258,-0.3262892906509776
1.0910910910910911,-0.9021343358915904,-0.7252708867011096,-0.3199698919082805
1.1011011011011012,-0.8921294996945186,-0.7157930442617106,-0.3134266166578881
1.1111111111111112,-0.8812410554278682,-0.7056426740669781,-0.30667104199565276
1.1211211211211212,-0.8694807937519795,-0.6948333415542698,-0.29971474719746294
1.1311311311311312,-0.8568613668025656,-0.6833792071288737,-0.29256930104138335
1.1411411411411412,-0.8433962746555626,-0.671295008953048,-0.28524624939253734
1.1511511511511512,-0.8290998509561665,-0.6585960452399588,-0.2777571030590707
1.1611611611611612,-0.8139872477272869,-0.6452981560727934,-0.2701133259270729
1.1711711711711712,-0.7980744193734587,-0.631417704769703,-0.2623263233818748
1.1811811811811812,-0.7813781058970358,-0.6169715588155843,-0.2544074310226799
1.1911911911911912,-0.7639158153442702,-0.6019770703820371,-0.24636790367702865
1.2012012012012012,-0.7457058054996266,-0.586452056457145,-0.23821890472114046
1.2112112112112112,-0.7267670648474247,-0.5704147786070111,-0.22997149571172276
1.2212212212212212,-0.7071192928206097,-0.5538839223912371,-0.22163662633438752
1.2312312312312312,-0.6867828793571472,-0.5368785764547775,-0.21322512467336618
1.2412412412412412,-0.6657788837852197,-0.5194182113188113,-0.2047476878067743
1.2512512512512513,-0.6441290130590355,-0.5015226578934586,-0.19621487273123162
1.2612612612612613,-0.6218555993677114,-0.48321208573534724,-0.18763708761921497
1.2712712712712713,-0.5989815771402756,-0.4645069810731601,-0.17902458341208652
1.2812812812812813,-0.5755304594704355,-0.44542812462442916,-0.1703874457513185
1.2912912912912913,-0.5515263139853013,-0.42599656922692025,-0.16173558725001427
1.3013013013013013,-0.5269937381827916,-0.4062336173080313,-0.15307874010641295
1.3113113113113113,-0.5019578342629658,-0.386160798215676,-0.14442644906066224
1.3213213213213213,-0.4764441834789864,-0.3657998454341335,-0.13578806469573598
1.3313313313313313,-0.450478820033895,-0.34517267370835697,-0.12717273708298824
1.3413413413413413,-0.42408820454979845,-0.3243013561002043,-0.11858940977244574
1.3513513513513513,-0.39729919713646533,-0.3032081009999971,-0.11004681412756126
1.3613613613613613,-0.3701390300867199,-0.2819152291167622,-0.10155346400378612
1.3713713713713713,-0.34263528022634365,-0.2604451504703879,-0.09311765076994834
1.3813813813813813,-0.3148158409465371,-0.2388203414088349,-0.08474743867107803
1.3913913913913913,-0.2867088939472648,-0.2170633216733805,-0.07645066053096937
1.4014014014014013,-0.25834288072008965,-0.19519663153473255,-0.06823491379243762
1.4114114114114114,-0.2297464737993051,-0.173242809022639,-0.06010755689289426
1.4214214214214214,-0.20094854781040697,-0.15122436727143573,-0.05207570597255195
1.4314314314314314,-0.1719781503451025,-0.12916377200373286,-0.04414623191225691
1.4414414414414414,-0.1428644726922005,-0.10708341917419104,-0.03632575769764635
1.4514514514514514,-0.11363682045385608,-0.0850056127950803,-0.02862065610604202
1.4614614614614614,-0.08432458407670189,-0.06295254296500158,-0.021037047712202855
1.4714714714714714,-0.05495720932748193,-0.04094626412186223,-0.013580799208795812
1.4814814814814814,-0.02556416774280699,-0.019008673540848838,-0.00625752203717711
1.4914914914914914,0.0038250729173295406,0.002838509902192595,0.0009274286761695555
1.5015015015015014,0.03318107818269978,0.024573766681949136,0.007968954882439752
1.5115115115115114,0.0624744763231114,0.04617579726975169,0.014862216077685715
1.5215215215215214,0.09167598770637286,0.06762354245537142,0.0216026294797167
1.5315315315315314,0.12075645403462618,0.0888962033256743,0.02818586992027967
1.5415415415415414,0.14968686742989995,0.10997326088176756,0.034607869458285326
1.5515515515515514,0.1784383993398879,0.1308344952767052,0.04086481672002768
1.5615615615615615,0.2069824292351815,0.15146000465630344,0.04695315597252935
1.5715715715715715,0.23529057306942602,0.17183022358610336,0.05286958593631428
1.5815815815815815,0.2633347114741156,0.19192594104800612,0.058611058344065374
1.5915915915915915,0.2910870176600689,0.2117283179906431,0.06417477625178025
1.6016016016016015,0.3185199849979165,0.23121890441804926,0.06955819210917065
1.6116116116116117,0.34560645425030556,0.2503796560017671,0.07475900559618517
1.6216216216216217,0.37231964042887594,0.26919295020204165,0.07977516123264831
1.6316316316316317,0.3986331592495072,0.28764160188436516,0.08460484576812646
1.6416416416416417,0.42452105315971267,0.30570887841816496,0.08924648535921927
1.6516516516516517,0.4499578169125576,0.32337851424505093,0.0936987425415742
1.6616616616616617,0.4749184226619223,0.3406347249046092,0.09796051300399368
1.6716716716716717,0.49937834455446756,0.35746222050635457,0.10203092217208021
1.6816816816816818,0.5233135827941612,0.3738462186370511,0.1059093216089205
1.6916916916916918,0.5467006871557969,0.38977245669324506,0.10959528524036373
1.7017017017017018,0.5695167799244937,0.4052272036294709,0.11308860541248757
1.7117117117117118,0.5917395782387858,0.4201972711132397,0.11638928878888233
1.7217217217217218,0.6133474158155079,0.43467002407854954,0.11949755209540326
1.7317317317317318,0.63431926403534,0.44863339067030794,0.12241381772005776
1.7417417417417418,0.6546347523685287,0.46207587157270885,0.1251387091757008
1.7517517517517518,0.674274188120981,0.4749865487152524,0.1276730464332067
1.7617617617617618,0.6932185754816412,0.48735509335076865,0.1300178411327795
1.7717717717717718,0.7114496338527606,0.4991717735004475,0.1321742916810398
1.7817817817817818,0.7289498154454266,0.5104274607615562,0.13414377824150436
1.7917917917917918,0.7457023221234478,0.5211136364741706,0.1359278576260348
1.8018018018018018,0.7616911214794921,0.5312223972439285,0.1375282580947952
1.8118118118118118,0.7769009621281282,0.5407464598184581,0.13894687407220427
1.8218218218218218,0.791317388201245,0.5496791653158111,0.14018576078631378
1.8318318318318318,0.8049267530321209,0.5580144828038749,0.14124712883897905
1.8418418418418419,0.8177162320152532,0.5657470122304142,0.1421333387141195
1.8518518518518519,0.8296738346298874,0.5728719867040295,0.1428468952312876
1.8618618618618619,0.84078841561604,0.5793852741269817,0.1433904419516823
1.8718718718718719,0.8510496852926713,0.5852833781814806,0.14376675554365398
1.8818818818818819,0.8604482190085243,0.5905634386716644,0.1439787401146511
1.8918918918918919,0.868975465717039,0.5952232312241523,0.144029421516459
1.901901901901902,0.8766237556676227,0.5992611663506678,0.14392194163047345
1.911911911911912,0.8833863072064618,0.6026762878768627,0.14365955263964122
1.921921921921922,0.8892572326809459,0.6054682707420835,0.14324561129358046
1.931931931931932,0.894231543442698,0.6076374181754391,0.14268357317327554
1.941941941941942,0.8983051539450893,0.6091846582541162,0.14197698696161137
1.951951951951952,0.901474884932051,0.6101115398504927,0.14112948872588393
1.961961961961962,0.903738465715889,0.6104202279751758,0.1401447962182877
1.971971971971972,0.9050945355427382,0.6101134985236623,0.13902670320024327
1.981981981981982,0.9055426440451967,0.6091947324348816,0.13777907379628482
1.991991991991992,0.9050832507826035,0.6076679092704351,0.13640583688308294
2.002002002002002,0.9037177238703306,0.6055376002238774,0.1349109805190284
2.012012012012012,0.9014483377003744,0.6028089605699174,0.1332985464196514
2.022022022022022,0.8982782697564385,0.5994877215639288,0.13157262448399487
2.032032032032032,0.8942115965276074,0.59558018180266,0.1297373473769061
2.042042042042042,0.8892532885255989,0.5910931980575227,0.1277968851720482
2.052052052052052,0.8834092044114915,0.5860341755923085,0.12575544006027406
2.062062062062062,0.8766860842386943,0.5804110579776489,0.12361724112784085
2.0720720720720722,0.8690915418198166,0.5742323164149702,0.12138653920877865
2.0820820820820822,0.8606340562259547,0.5675069385831296,0.11906760181555967
2.0920920920920922,0.8513229624277846,0.5602444170213351,0.11666470815204852
2.1021021021021022,0.8411684410886892,0.5524547370623429,0.11418214421254301
2.1121121121121122,0.8301815075209931,0.544148364330315,0.11162419797054747
2.1221221221221223,0.8183739998172078,0.5353362318180832,0.10899515466074967
2.1321321321321323,0.8057585661689949,0.5260297265589143,0.1062992921575015
2.1421421421421423,0.7923486513873699,0.5162406759082068,0.10354087645293439
2.1521521521521523,0.7781584826384416,0.5059813334508588,0.10072415723766723
2.1621621621621623,0.7632030544097641,0.495264364550353,0.09785336358689688
2.1721721721721723,0.7474981127231253,0.4841028315558746,0.094932699754488
2.1821821821821823,0.7310601386103474,0.4725101786840532,0.09196634107751256
2.1921921921921923,0.7139063308693795,0.46050021659214996,0.08895842999351701
2.2022022022022023,0.6960545881186806,0.4480871066597489,0.08591307217262928
2.2122122122122123,0.6775234901685675,0.43528534499621246,0.08283433276644946
2.2222222222222223,0.6583322787288767,0.4221097461913582,0.079726232775503
2.2322322322322323,0.6385008374729193,0.4085754268269728,0.07659274553686916
2.2422422422422423,0.61804967147835,0.39469778876694406,0.07343779333343568
2.2522522522522523,0.5969998860661654,0.38049250224392145,0.07026524412606892
2.2622622622622623,0.5753731650596243,0.36597548876052455,0.06707890840982823
2.2722722722722724,0.5531917484854605,0.35116290382322923,0.06388253619519714
2.2822822822822824,0.5304784097402664,0.33607111952712193,0.06067981411514614
2.2922922922922924,0.5072564322454673,0.32071670700978727,0.057474362658690624
2.3023023023023024,0.4835495856147712,0.3051164187926229,0.0542697335314544
2.3123123123123124,0.45938210135846674,0.28928717102790746,0.05106940714360254
2.3223223223223224,0.4347786481493559,0.2732460256699402,0.04787679022535872
2.3323323323323324,0.40976430667554364,0.2570101725885648,0.04469521357018103
2.3423423423423424,0.38436454410568494,0.24059691164335162,0.04152792990552792
2.3523523523523524,0.35860518819265075,0.22402363473666026,0.038378111891008565
2.3623623623623624,0.33251240104192425,0.2073078078637423,0.03524885024357793
2.3723723723723724,0.3061126525713246,0.1904669531779428,0.032143151989302746
2.3823823823823824,0.27943269368896195,0.17351863108896687,0.029063938841098338
2.3923923923923924,0.2524995292165652,0.15648042241204593,0.026014045701708594
2.4024024024024024,0.22534039058556996,0.13936991058570714,0.02299621929108148
2.4124124124124124,0.19798270833352832,0.12220466397567835,0.020013116897170544
2.4224224224224224,0.17045408442860227,0.10500221828230082,0.017067305249080185
2.4324324324324325,0.14278226445002895,0.08778005906862363,0.014161259511358989
2.4424424424424425,0.11499510965256567,0.07055560442614527,0.011297362398136775
2.4524524524524525,0.08712056894302307,0.053346187794954904,0.00847790340569769
2.4624624624624625,0.05918665079703,0.03616904095476997,0.005705078161977693
2.4724724724724725,0.031221395144232094,0.019041277203129914,0.002980987891379924
2.4824824824824825,0.0032528452501079646,0.0019798747367230033,0.0003076389932052275
2.4924924924924925,-0.02469098037741581,-0.014998339748447604,-0.0023130572680928677
2.5025025025025025,-0.05258211602845134,-0.03187670722266785,-0.0048792849627087385
2.5125125125125125,-0.0803926767506907,-0.04863875223879151,-0.007389323587300811
2.5225225225225225,-0.10809488620008607,-0.06526819858443773,-0.009841548050864313
2.5325325325325325,-0.13566110435486795,-0.08174898465567737,-0.012234428556774795
2.5425425425425425,-0.16306385506529364,-0.09806527853814731,-0.014566530383190548
2.5525525525525525,-0.19027585341168288,-0.11420149278187995,-0.016836513564067103
2.5625625625625625,-0.21727003284353338,-0.13014229885652123,-0.01904313247310223
2.5725725725725725,-0.24401957207275018,-0.1458726412739952,-0.021185235312989374
2.5825825825825826,-0.27049792169429526,-0.16137775136607235,-0.02326176351241357
2.5925925925925926,-0.29667883050787397,-0.1766431607047136,-0.025271751033277206
2.6026026026026026,-0.3225363715145694,-0.19165471415346452,-0.02721432359068892
2.6126126126126126,-0.34804496756273984,-0.20639858253863377,-0.029088697788298486
2.6226226226226226,-0.37317941661781917,-0.2208612749293978,-0.030894180171597098
2.6326326326326326,-0.3979149166310929,-0.23502965051644012,-0.03263016620184284
2.6426426426426426,-0.4222270899829406,-0.24889093007918223,-0.0342961391533041
2.6526526526526526,-0.44609200747648514,-0.2624327070321289,-0.03589166893654405
2.6626626626626626,-0.4694862118580653,-0.27564295804131894,-0.03741641085049623
2.6726726726726726,-0.4923867408414449,-0.2885100532023516,-0.038870104266103996
2.6826826826826826,-0.5147711496131983,-0.3010227657719453,-0.04025257124431748
2.6926926926926926,-0.5366175327972317,-0.3131702814454609,-0.041563715091255504
2.7027027027027026,-0.5579045458570032,-0.32494220717333927,-0.04280351885335641
2.7127127127127126,-0.578611425914549,-0.3363285795098802,-0.04397204375534783
2.7227227227227226,-0.5987180119660519,-0.34731987248830426,-0.045069427583873785
2.7327327327327327,-0.618204764474307,-0.35790700501654077,-0.04609588301961976
2.7427427427427427,-0.6370527843190792,-0.36808134778870144,-0.04705169592077655
2.7527527527527527,-0.6552438310870189,-0.377834729707702,-0.047937223560680385
2.7627627627627627,-0.6727603406834685,-0.3871594438150159,-0.048752892822460356
2.7727727727727727,-0.6895854422492086,-0.39604825272406075,-0.04949919835351589
2.7827827827827827,-0.7057029743658754,-0.4044943935542208,-0.050176700682632865
2.7927927927927927,-0.7210975005345509,-0.4124915823630502,-0.050786024302535
2.8028028028028027,-0.7357543239127331,-0.4200340180746962,-0.05132785572064681
2.8128128128128127,-0.7496595012956714,-0.4271163859031081,-0.05180294148082526
2.8228228228228227,-0.7627998563288199,-0.4337338602691143,-0.05221208615879439
2.8328328328328327,-0.7751629919389407,-0.4398821072109582,-0.05255615033399117
2.8428428428428427,-0.7867373019721895,-0.4455572862883983,-0.05283604854050324
2.8528528528528527,-0.7975119820283173,-0.45075605198098667,-0.05305274719974871
2.8628628628628627,-0.807477039480944,-0.45547555458164546,-0.05320726253751587
2.8728728728728727,-0.8166233026746729,-0.45971344058715846,-0.05330065848794518
2.8828828828828827,-0.8249424292906691,-0.46346785258770345,-0.053334044586999876
2.8928928928928928,-0.8324269138731437,-0.4667374286580311,-0.053308573857931835
2.9029029029029028,-0.8390700945100505,-0.4695213012533948,-0.05322544069120862
2.9129129129129128,-0.8448661586621471,-0.47181909561381236,-0.053085878721324815
2.9229229229229228,-0.8498101481354335,-0.47363092768071946,-0.05289115870287622
2.932932932932933,-0.853897963192846,-0.47495740153054444,-0.052642586388228746
2.942942942942943,-0.8571263658019482,-0.47579960633019747,-0.05234150040906653
2.952952952952953,-0.8594929820162294,-0.47615911281992174,-0.05198927016405363
2.962962962962963,-0.860996303488494,-0.47603796932940473,-0.05158729371479309
2.972972972972973,-0.8616356881156928,-0.4754386973334846,-0.05113699569221478
2.982982982982983,-0.86141135981542,-0.4743642865542217,-0.05063982521546961
2.992992992992993,-0.8603244074351688,-0.4728181896165236,-0.05009725382535315
3.003003003003003,-0.8583767827963034,-0.47080431626492847,-0.049510773434225434
3.013013013013013,-0.8555712978755772,-0.46832702714955327,-0.04888189429433713
3.023023023023023,-0.8519116211278781,-0.46539112718960723,-0.04821214298641387
3.033033033033033,-0.8474022729547469,-0.46200185852325265,-0.04750306043029202
3.043043043043043,-0.8420486203240614,-0.45816489305297,-0.04675619991933967
3.053053053053053,-0.8358568705471249,-0.4538863245959423,-0.04597312518033582
3.063063063063063,-0.828834064220234,-0.4491726606493246,-0.045155408460420286
3.073073073073073,-0.8209880673386357,-0.44403081378060383,-0.04430462864266523
3.083083083083083,-0.8123275625915953,-0.43846809265357795,-0.043422369391756956
3.093093093093093,-0.8028620398481198,-0.43249219270079914,-0.042510217331214774
3.103103103103103,-0.7926017858436717,-0.426111186453626,-0.041569760253510495
3.113113113113113,-0.7815578730790083,-0.4193335135413196,-0.04060258536438967
3.123123123123123,-0.7697421479430457,-0.4121679703708908,-0.03961027756263205
3.133133133133133,-0.7571672180724348,-0.40462369949967597,-0.03859441775642639
3.143143143143143,-0.7438464389612593,-0.3967101787128579,-0.03755658121747031
3.153153153153153,-0.7297938998350286,-0.3884372098183912,-0.0364983359738438
3.163163163163163,-0.715024408803848,-0.37981490717201255,-0.035421241242641295
3.173173173173173,-0.6995534773103581,-0.37085368594522217,-0.034326845903284615
3.183183183183183,-0.68339730388873,-0.3615642501493181,-0.03321668701237602
3.193193193193193,-0.6665727572516696,-0.3519575804287453,-0.032092288360888774
3.203203203203203,-0.6490973587230497,-0.3420449216371882,-0.03095515907443032
3.2132132132132134,-0.6309892640344108,-0.33183777020998007,-0.02980679225725126
3.2232232232232234,-0.6122672445042235,-0.32134786134655857,-0.028648663680613674
3.2332332332332334,-0.5929506676193487,-0.3105871560167859,-0.027482230516069087
3.2432432432432434,-0.5730594770387755,-0.2995678278050987,-0.02630893011413967
3.2532532532532534,-0.5526141720402288,-0.2883022496065179,-0.02513017882883452
3.2632632632632634,-0.5316357864307929,-0.27680298018863914,-0.023947370888375306
3.2732732732732734,-0.5101458669432174,-0.26508275063378883,-0.022761877312447734
3.2832832832832834,-0.48816645114004953,-0.25315445067557407,-0.021575044876237664
3.2932932932932935,-0.4657200448482356,-0.2410311149441039,-0.020388195121455746
3.3033033033033035,-0.4428295991472431,-0.22872590913415802,-0.019202623414497327
3.3133133133133135,-0.41951848693421606,-0.21625211611060788,-0.018019598051831807
3.3233233233233235,-0.3958104790900539,-0.20362312196537166,-0.016840359412661113
3.3333333333333335,-0.37172972027068957,-0.19085240204016876,-0.01566611915883503
3.3433433433433435,-0.34730070434818866,-0.17795350692930054,-0.014498059481959778
3.3533533533533535,-0.32254824952662187,-0.1649400484766333,-0.013337332397585774
3.3633633633633635,-0.2974974731579614,-0.15182568578089603,-0.012185059086311786
3.3733733733733735,-0.2721737662835213,-0.1386241112233204,-0.011042329281594085
3.3833833833833835,-0.24660276792673586,-0.12534903653157423,-0.009910200704003681
3.3933933933933935,-0.22081033916324896,-0.11201417889380737,-0.008789698541627224
3.4034034034034035,-0.1948225369945308,-0.09863324713653579,-0.007681814976264726
3.4134134134134135,-0.1686655880513792,-0.08521992797994049,-0.006587508755033019
3.4234234234234235,-0.14236586215381888,-0.0717878723840185,-0.005507704806942483
3.4334334334334335,-0.11594984575402578,-0.05835068199886338,-0.004443293903973974
3.4434434434434436,-0.08944411528899485,-0.04492189573218187,-0.0033951323661437515
3.4534534534534536,-0.06287531046973521,-0.03151497644697039,-0.0023640418100063783
3.4634634634634636,-0.03627010753380237,-0.018143297802075287,-0.0013508089400087065
3.4734734734734736,-0.009655192488018712,-0.004820131248167943,-0.0003561853820740886
3.4834834834834836,0.016942765631835808,0.008441366808577874,0.0006191124412397472
3.4934934934934936,0.04349714145757249,0.02162816766302376,0.0015744033946961437
3.5035035035035036,0.06998137991469384,0.034727382775993326,0.002509041674167416
3.5135135135135136,0.09636902275144318,0.04772627603600807,0.0034224168110035306
3.5235235235235236,0.12263373494432755,0.06061227580651582,0.004313953637758129
3.5335335335335336,0.14874933095378823,0.07337298674756713,0.005183112216075221
3.5435435435435436,0.17468980080386742,0.0859962014011765,0.006029387727565193
3.5535535535535536,0.20042933595993315,0.0984699115299014,0.006852310328523102
3.5635635635635636,0.22594235497872164,0.11078231919845785,0.007651444969363692
3.5735735735735736,0.25120352890526076,0.12292184758852519,0.00842639117967051
3.5835835835835836,0.27618780639146734,0.1348771515371854,0.009176782819774474
3.5935935935935936,0.3008704385115449,0.14663712778978308,0.009902287799796692
3.6036036036036037,0.32522700324962595,0.15819092495831982,0.010602607767106894
3.6136136136136137,0.3492334296354602,0.16952795317683875,0.011277477763164583
3.6236236236236237,0.3728660215043215,0.1806378934456012,0.011926665850724133
3.6336336336336337,0.39610148085771907,0.19151070665621533,0.012549972712398282
3.6436436436436437,0.4189169308018923,0.2021366422902252,0.013147231221585124
3.6536536536536537,0.4412899380415624,0.21250624678405386,0.013718305986775398
3.6636636636636637,0.46319853490683277,0.2226103715535451,0.014263092870264282
3.6736736736736737,0.4846212408916511,0.23244018067173766,0.014781518482300466
3.6836836836836837,0.5055370836827454,0.24198715819387961,0.015273539651711212
3.6936936936936937,0.5259256196584807,0.25124311512408,0.01573914287404738
3.7037037037037037,0.5457669538376315,0.26020019601837785,0.016178343738296044
3.7137137137137137,0.5650417592586401,0.26885088521940603,0.016591186333211102
3.7237237237237237,0.5837312957705229,0.277188012718219,0.016977742634313803
3.7337337337337337,0.601817428217177,0.2852047596392461,0.017338111872614734
3.7437437437437437,0.6192826439974991,0.29289466334474357,0.01767241988610898
3.7537537537537538,0.6361100699843368,0.3002516221555066,0.017980818455093125
3.7637637637637638,0.6522834887859731,0.30726989968501006,0.01826348462235012
3.7737737737737738,0.6677873543345111,0.31394412878455097,0.018520619999243766
3.7837837837837838,0.6826068067862188,0.3202693150973659,0.01875245005875923
3.793793793793794,0.6967276867195981,0.3262408402201021,0.01895922341651968
3.803803803803804,0.7101365486176557,0.331854464470422,0.01914121110080196
3.813813813813814,0.7228206736215939,0.33710632925992784,0.01929870581256587
3.823823823823824,0.7347680815438624,0.34199295907198285,0.019432021176502202
3.833833833833834,0.7459675421292974,0.34651126304442226,0.019541490984095147
3.843843843843844,0.7564085855538029,0.3506585361575277,0.019627468429682902
3.853853853853854,0.7660815121508322,0.3544324600280441,0.01969032534048906
3.863863863863864,0.7749774013566941,0.35783110331040713,0.01973045140158434
3.873873873873874,0.7830881198665071,0.3608529217067376,0.019748253376724877
3.883883883883884,0.7904063289934204,0.3634967575875478,0.01974415432599885
3.893893893893894,0.7969254912245299,0.3657618392254829,0.019718592821198585
3.903903903903904,0.8026398759677238,0.3676477796448017,0.01967202215981918
3.913913913913914,0.8075445644845095,0.36915457508966987,0.019604909578568534
3.923923923923924,0.8116354540047002,0.370282603114712,0.019517735467256745
3.933933933933934,0.8149092610196529,0.37103262030162615,0.019410992583915012
3.943943943943944,0.8173635237515844,0.37140575960602545,0.01928518527197613
3.953953953953954,0.8189966037973138,0.37140352733902066,0.019140828680329885
3.963963963963964,0.8198076869456132,0.3710277997884024,0.01897844798704737
3.973973973973974,0.8197967831681732,0.37028081948462127,0.018798577627548586
3.983983983983984,0.818964725785019,0.36916519111709273,0.018601760527967366
3.993993993993994,0.8173131698060401,0.36768387710668154,0.018388547344447156
4.004004004004004,0.8148445894511184,0.3658401928405323,0.01815949570908014
4.014014014014014,0.811562274852161,0.3636378015757269,0.01791516948318082
4.024024024024024,0.8074703279411588,0.36108070901854417,0.017656138018563403
4.034034034034034,0.8025736575292041,0.35817325758639557,0.01738297542747049
4.044044044044044,0.7968779735822078,0.35492012035979015,0.01709625986177815
4.054054054054054,0.7903897806998522,0.35132629473195953,0.016796572802080037
4.064064064064064,0.783116370805106,0.3473970957640366,0.016484498357230357
4.074074074074074,0.7750658150524204,0.3431381492539445,0.016160622574902868
4.084084084084084,0.7662469549634873,0.3385553845273903,0.015825532763699596
4.094094094094094,0.7566693928002134,0.3336550269596054,0.015479816827320263
4.104104104104104,0.7463434811853177,0.3284435902366938,0.015124062611279668
4.114114114114114,0.7352803119817007,0.32292786836567333,0.014758857262637327
4.124124124124124,0.7234917044424662,0.31711492744249836,0.014384786603179938
4.134134134134134,0.7109901926441948,0.311012097187551,0.014002434516474049
4.1441441441441444,0.6977890122167761,0.3046269622582747,0.01361238234918282
4.1541541541541545,0.6839020863837889,0.29796735334879726,0.013215208327017289
4.1641641641641645,0.6693440113281152,0.2910413380865629,0.012811486985669609
4.1741741741741745,0.6541300408981077,0.28385721173613454,0.012401788617051913
4.1841841841841845,0.6382760706702968,0.27642348772048236,0.011986678731141892
4.1941941941941945,0.6217986213852466,0.26874888797020235,0.011566717533712884
4.2042042042042045,0.6047148217737739,0.26084233311122657,0.011142459420203466
4.2142142142142145,0.5870423907913463,0.25271293250170224,0.010714452485958977
4.2242242242242245,0.5687996192790444,0.24436997412880973,0.010283238053054783
4.2342342342342345,0.5500053510700347,0.23582291437638195,0.00984935021388902
4.2442442442442445,0.5306789635610241,0.22708136767425532,0.009413315391710244
4.2542542542542545,0.510840347768711,0.2181550960403609,0.008975651918224208
4.2642642642642645,0.49050988789170175,0.20905399852659787,0.008536869628401686
4.2742742742742745,0.469708440398875,0.19978810057959115,0.008097469472588855
4.2842842842842845,0.44845731266561106,0.1903675433274547,0.007657943146000409
4.2942942942942945,0.42677824117973506,0.1808025728037037,0.007218772735655118
4.3043043043043046,0.404693369339437,0.17110352911946755,0.006780430384793395
4.314314314314315,0.38222522486581845,0.16128083559515038,0.006343377974796537
4.324324324324325,0.3593966968530653,0.1513449878626693,0.005908066824607676
4.334334334334335,0.33623101247962056,0.14130654294938325,0.005474937407635832
4.344344344344345,0.31275171340399494,0.13117610835477272,0.005044419086105024
4.354354354354355,0.28898263186919665,0.12096433113089855,0.004616929862792837
4.364364364364365,0.26494786653999686,0.11068188697759959,0.004192876150084517
4.374374374374375,0.24067175809750413,0.10033946936332255,0.0037726525562514265
4.384384384384385,0.2161788646157368,0.08994777868239695,0.003356641688845631
4.394394394394395,0.1914939367450749,0.0795175114594773,0.0029452139750859056
4.404404404404405,0.16664189272764499,0.0690593496117742,0.0025387274990943606
4.414414414414415,0.141647793269824,0.058583949779581174,0.002137527855827186
4.424424424424425,0.11653681629719478,0.04810193273549442,0.001741948021528297
4.434434434434435,0.0913342316173309,0.037623872882572344,0.0013523082405193301
4.444444444444445,0.06606537551590279,0.02716028785156025,0.0009689159281260204
4.454454454454455,0.040755625311610325,0.016721628207144276,0.0005920655895269284
4.464464464464465,0.015430373895471488,0.006318267273042504,0.00022203875429747556
4.474474474474475,-0.009884995720013676,-0.004039508914427263,-0.00014089607359037357
4.484484484484485,-0.035165135816340606,-0.014341511514841358,-0.0004964834505645788
4.494494494494495,-0.06038475932369527,-0.02457765864494911,-0.0008444810133090041
4.504504504504505,-0.08551866508953901,-0.03473798498365861,-0.0011846594839534988
4.514514514514515,-0.11054176303583745,-0.04481265121184174,-0.0015168026608828134
4.524524524524525,-0.13542909917987384,-0.054791953278301234,-0.0018407073954598192
4.534534534534535,-0.16015588049369975,-0.0646663314834408,-0.0021561835549673307
4.544544544544545,-0.18469749957749185,-0.07442637937241661,-0.002463053972082241
4.554554554554555,-0.2090295591222852,-0.08406285242977724,-0.002761154381204024
4.564564564564565,-0.23312789613779042,-0.09356667656783939,-0.003050333341967641
4.574574574574575,-0.2569686059212608,-0.10292895640129265,-0.0033304521502783243
4.584584584584585,-0.28052806574365957,-0.11214098330077857,-0.0036013847372126213
4.594594594594595,-0.30378295822969065,-0.12119424321845138,-0.0038630175561366192
4.604604604604605,-0.32671029440856203,-0.1300804242787812,-0.004115249458397817
4.614614614614615,-0.3492874364127474,-0.13879142412814843,-0.004357991557953086
4.624624624624625,-0.37149211980234204,-0.1473193570370343,-0.004591167085299504
4.634634634634635,-0.3933024754930338,-0.15565656074890377,-0.0048147112310795315
4.644644644644645,-0.4146970512661199,-0.16379560307015686,-0.005028570979735868
4.654654654654655,-0.4356548328394421,-0.17172928819581437,-0.005232704933594697
4.664664664664665,-0.45615526447857324,-0.17945066276589525,-0.0054270831277589806
4.674674674674675,-0.4761782691280675,-0.18695302164773955,-0.005611686836195956
4.684684684684685,-0.49570426804309903,-0.19422991343983245,-0.005786508369404995
4.694694694694695,-0.5147141999023044,-0.20127514569297833,-0.005951550864053328
4.704704704704705,-0.5331895393832274,-0.20808278984499362,-0.006106828064968601
4.714714714714715,-0.5511123151822819,-0.2146471858653807,-0.006252364099877477
4.724724724724725,-0.5684651274617404,-0.22096294660676044,-0.006388193247279898
4.734734734734735,-0.5852311647068515,-0.22702496186015306,-0.006514359697848372
4.744744744744745,-0.6013942199767849,-0.23282840211150602,-0.006630917309740924
4.754754754754755,-0.6169387065337337,-0.23836872199718306,-0.006737929358215392
4.764764764764765,-0.6318496728351456,-0.24364166345644275,-0.006835468279931182
4.774774774774775,-0.6461128168746979,-0.2486432585792495,-0.00692361541232284
4.784784784784785,-0.6597144998583006,-0.25336983214807063,-0.007002460728427386
4.794794794794795,-0.6726417592021039,-0.25781800387263704,-0.0070721025675450355
4.804804804804805,-0.6848823208401591,-0.26198469031694743,-0.00713264736210963
4.814814814814815,-0.6964246108301009,-0.2658671065181181,-0.007184209361142017
4.824824824824825,-0.7072577662459246,-0.26946276729698687,-0.007226910350655807
4.834834834834835,-0.7173716453476647,-0.272769488260693,-0.007260879371381035
4.844844844844845,-0.7267568370185074,-0.2757853864977624,-0.007286252434166859
4.854854854854855,-0.7354046694606201,-0.27850888096653365,-0.0073031722334198496
4.864864864864865,-0.7433072181417306,-0.2809386925780673,-0.007311787858929517
4.874874874874875,-0.7504573129852375,-0.28307384397497687,-0.007312254506427381
4.884884884884885,-0.7568485447974193,-0.2849136590079253,-0.007304733187220654
4.894894894894895,-0.7624752709260552,-0.28645776191182143,-0.007289390437235587
4.904904904904905,-0.7673326201455687,-0.28770607618404415,-0.007266398025799721
4.914914914914915,-0.7714164967645663,-0.28865882316730956,-0.007235932664485952
4.924924924924925,-0.7747235839524405,-0.2893165203400826,-0.007198175716334891
4.934934934934935,-0.7772513462824836,-0.28967997931770983,-0.00715331290576529
4.944944944944945,-0.7789980314897503,-0.2897503035677309,-0.007101534029475439
4.954954954954955,-0.7799626714426916,-0.2895288858430902,-0.007043032668631321
4.964964964964965,-0.7801450823283768,-0.28901740533724074,-0.006978005902630078
4.974974974974975,-0.7795458640519016,-0.28821782456538836,-0.0069066540247198945
4.984984984984985,-0.7781663988513732,-0.28713238597638097,-0.006829180259749783
4.994994994994995,-0.7760088491306399,-0.28576360829999337,-0.006745790484315041
5.005005005005005,-0.7730761545127257,-0.28411428263460425,-0.006656692949556262
5.015015015015015,-0.7693720281176932,-0.2821874682804934,-0.006562098006861759
5.025025025025025,-0.7649009520694465,-0.27998648832422196,-0.006462217836715163
5.035035035035035,-0.7596681722367385,-0.2775149249797763,-0.0063572661809216885
5.045045045045045,-0.753679692214426,-0.2747766146923786,-0.006247458078438356
5.055055055055055,-0.7469422665517512,-0.2717756430110687,-0.00613300960502487
5.065065065065065,-0.7394633932351946,-0.26851633923637297,-0.00601413761692361
5.075075075075075,-0.7312513054341696,-0.26500327084956005,-0.005891059498768491
5.085085085085085,-0.7223149625185664,-0.2612412377301819,-0.0057639929159139505
5.095095095095095,-0.7126640403578707,-0.25723526616876785,-0.0056331555713667264
5.105105105105105,-0.7023089209122934,-0.2529906026817186,-0.005498764967494373
5.115115115115115,-0.691260681127045,-0.2485127076356055,-0.00536103817267588
5.125125125125125,-0.679531081141578,-0.24380724868824036,-0.005220191593051034
5.135135135135135,-0.6671325518262906,-0.23888009405402522,-0.0050764407495165285
5.145145145145145,-0.6540781816598507,-0.23373730560123301,-0.00493000006010814
5.155155155155155,-0.6403817029609447,-0.2283851317890004,-0.004781082627899704
5.165165165165165,-0.6260574774888802,-0.22283000045193213,-0.0046299000345408695
5.175175175175175,-0.6111204814281198,-0.21707851144034288,-0.004476662139547351
5.185185185185185,-0.5955862897723714,-0.21113742912424785,-0.004321576885448414
5.195195195195195,-0.579471060124503,-0.20501367476932822,-0.00416485010888829
5.205205205205205,-0.5627915159290819,-0.19871431879317525,-0.004006685357769544
5.215215215215215,-0.5455649291549046,-0.19224657291019875,-0.0038472837145181907
5.225225225225225,-0.5278091024454129,-0.1856177821736553,-0.0036868436255420405
5.235235235235235,-0.5095423507554088,-0.17883541692331237,-0.003525560736945624
5.245245245245245,-0.4907834824929765,-0.17190706464731856,-0.0033636277365569353
5.255255255255255,-0.47155178018599386,-0.1648404217668913,-0.0032012342023132532
5.265265265265265,-0.45186698069307735,-0.15764328535246955,-0.0030385664570454396
5.275275275275275,-0.43174925497923694,-0.15032354478000504,-0.002875807429692338
5.285285285285285,-0.4112191874769349,-0.14288917333608092,-0.0027131365229692605
5.295295295295295,-0.39029775505363595,-0.13534821978055614,-0.002550729487507016
5.305305305305305,-0.3690063056073116,-0.1277087998754329,-0.002388758302470583
5.315315315315315,-0.3473665363117096,-0.11997908788863464,-0.0022273910626592337
5.325325325325325,-0.3254004715335304,-0.11216730808136413,-0.0020667918720828427
5.335335335335335,-0.3031304404439617,-0.10428172618768576,-0.0019071207440021552
5.345345345345345,-0.2805790543472866,-0.09633064089493366,-0.0017485335074138675
5.355355355355355,-0.25776918374959573,-0.0883223753335229,-0.0015911817199550443
5.365365365365365,-0.2347239351907834,-0.0802652685846576,-0.0014352125871943695
5.375375375375375,-0.21146662786330764,-0.07216766721440014,-0.0012807688882719253
5.385385385385385,-0.18802077004133347,-0.0640379168424783,-0.0011279889078427143
5.395395395395395,-0.16441003534406207,-0.05588435375413691,-0.0009770063742732535
5.405405405405405,-0.14065823885718698,-0.04771529656325468,-0.0008279504040347324
5.415415415415415,-0.11678931313653873,-0.0395390379348543,-0.000680945452230593
5.425425425425425,-0.09282728411807145,-0.03136383637503369,-0.0005361112691909172
5.435435435435435,-0.06879624695841578,-0.02319790809623845,-0.00039356286306073824
5.445445445445445,-0.04472034183026705,-0.015049418965679974,-0.00025341046830429023
5.455455455455455,-0.02062372969689905,-0.006926476544581385,-0.00011575952004230304
5.465465465465465,0.003469431909909861,0.0011628777741962701,1.928936586527237e-05
5.475475475475475,0.02753501308427922,0.00921067652273197,0.00015164040708325505
5.485485485485485,0.051548935688750484,0.017209033801554422,0.00028120266350843156
5.495495495495495,0.07548719742080162,0.025150152802961227,0.0004078900405205994
5.505505505505505,0.0993258957793217,0.0330263332071817,0.000531621286882056
5.515515515515515,0.12304125190713648,0.040829978444579154,0.0006523199873938824
5.525525525525525,0.14660963428584253,0.048553602817263515,0.0007699145504210477
5.535535535535535,0.17000758225932358,0.056189838473640924,0.0008843381904014349
5.545545545545545,0.1932118293626108,0.06373144222963821,0.0009955289054575838
5.555555555555555,0.21619932643287412,0.07117130223049453,0.0011034294502324327
5.565565565565565,0.23894726447962886,0.07850244444722201,0.0012079873040734515
5.575575575575575,0.26143309729148806,0.08571803900202676,0.0013091546346920661
5.585585585585585,0.28363456375707863,0.0928114063171826,0.0014068882574277092
5.595595595595595,0.30552970987805034,0.09977602308205567,0.00150114959024807
5.605605605605605,0.327096910452435,0.1066055280331867,0.0015919046046191545
5.615615615615615,0.3483148904069665,0.11329372754255153,0.0016791237723806276
5.625625625625625,0.3691627457573457,0.11983460100933765,0.0017627820087635865
5.635635635635635,0.3896199641758251,0.12622230605079537,0.0018428586116893953
5.645645645645645,0.40966644514590717,0.13245118348794652,0.001919337197489536
5.655655655655655,0.42928251968437836,0.1385157621221609,0.0019922056331875457
5.665665665665665,0.4484489696113592,0.1444107632988412,0.0020614559654850775
5.675675675675675,0.4671470463495178,0.15013110525468898,0.002127084346594896
5.685685685685685,0.48535848923409,0.15567190724526137,0.002189090957064236
5.6956956956956954,0.503065543315851,0.16102849344976294,0.002247479925732371
5.7057057057057055,0.5202509766397264,0.16619639665026226,0.002302259246966598
5.7157157157157155,0.5368980969822286,0.1711713616827496,0.002353440695320742
5.7257257257257255,0.5529907680315357,0.17594934865771691,0.002401039737760581
5.7357357357357355,0.5685134249945334,0.18052653594816273,0.002445075443600046
5.7457457457457455,0.5834510896157715,0.18489932294318157,0.0024855703922919067
5.7557557557557555,0.5977893845938775,0.18906433256553853,0.002522550579216066
5.7657657657657655,0.6115145473815902,0.1930184135518756,0.0025560453196079524
5.7757757757757755,0.6246134433562063,0.19675864249444178,0.0025860871507687113
5.7857857857857855,0.6370735783478786,0.2002823256434839,0.002612711732697943
5.7957957957957955,0.6488831105138569,0.2035870004696806,0.0026359577472886814
5.8058058058058055,0.6600308615474351,0.20667043698624654,0.0026558667962231102
5.8158158158158155,0.6705063272110383,0.20953063883057668,0.0026724832977061716
5.8258258258258255,0.6802996871835801,0.21216584410554332,0.0026858543821727827
5.8358358358358355,0.6894018142129092,0.21457452598080015,0.002696029787102807
5.8458458458458455,0.6978042825648729,0.2167553930546864,0.0027030617510762243
5.8558558558558556,0.7054993757612403,0.21870738947756266,0.0027070049071991806
5.865865865865866,0.7124800935994433,0.2204296948376447,0.0027079161760296525
5.875875875875876,0.7187401584478265,0.22192172381063802,0.002705854658129508
5.885885885885886,0.7242740208108163,0.22318312557470002,0.002700881526367557
5.895895895895896,0.7290768641591769,0.22421378299249559,0.0026930599180961107
5.905905905905906,0.7331446090212432,0.22501381156232753,0.002682454827321148
5.915915915915916,0.7364739163317706,0.2255835581405504,0.0026691329969839076
5.925925925925926,0.7390621900357953,0.22592359943769516,0.002653162811469213
5.935935935935936,0.7409075789456386,0.22603474029094606,0.002634614189453346
5.945945945945946,0.7420089778499427,0.22591801171582387,0.002613558477201633
5.955955955955956,0.7423660278743769,0.22557466874013737,0.0025900683424232803
5.965965965965966,0.7419791160944005,0.22500618802346767,0.0025642176687882177
5.975975975975976,0.7408493744012181,0.22421426526565127,0.002536081451207932
5.985985985985986,0.7389786776228122,0.22320081240792014,0.002505735691979412
5.995995995995996,0.7363696409026789,0.22196795463054997,0.0024732572978884123
6.006006006006006,0.7330256163396351,0.22051802715105057,0.002438723978365308
6.016016016016016,0.7289506888928038,0.21885357182711557,0.002402214144783794
6.026026026026026,0.7241496715566123,0.21697733356872104,0.002363806810989656
6.036036036036036,0.7186280998113689,0.2148922565639352,0.0023235814951437757
6.046046046046046,0.7123922253557003,0.2126014803231645,0.002281618122960425
6.056056056056056,0.7054490091278443,0.2101083355467192,0.0022379969324187515
6.066066066066066,0.6978061136235064,0.20741633982074006,0.00219279838002228
6.076076076076076,0.6894718945186706,0.20452919314666704,0.002146103048677964
6.086086086086086,0.6804553916064556,0.2014507733095801,0.0020979915572632616
6.096096096096096,0.6707663190577815,0.1981851310908728,0.002048544471946416
6.106106106106106,0.6604150550162756,0.19473648533085097,0.00199784221932197
6.116116116116116,0.6494126305385105,0.19110921784697113,0.001945965001420314
6.126126126126126,0.6377707178913034,0.18730786821354922,0.0018929927126468521
6.136136136136136,0.6255016182184447,0.183337128408882,0.001839004858703182
6.146146146146146,0.6126182485898398,0.17920183733582526,0.0017840804775394589
6.156156156156156,0.5991341284466545,0.1749069752219724,0.0017282980623839492
6.166166166166166,0.5850633654566452,0.17045765790566433,0.0016717354868925752
6.176176176176176,0.5704206407944343,0.16585913101414848,0.001614469932458114
6.186186186186186,0.5552211938620473,0.16111676404027933,0.0015565778177155515
6.196196196196196,0.5394808064655794,0.15623604432422414,0.0014981347302769888
6.206206206206206,0.5232157864643842,0.1512225709467004,0.0014392153607263895
6.216216216216216,0.5064429509096897,0.14608204854032836,0.001379893438901403
6.226226226226226,0.4891796086900462,0.14082028102573077,0.0013202416724864556
6.236236236236236,0.4714435427014678,0.13544316527905284,0.0012603316879382812
6.246246246246246,0.4532529915606355,0.12995668473762048,0.0012002339737621807
6.256256256256256,0.43462663087989506,0.12436690295046565,0.0011400178261542274
6.266266266266266,0.4155835541232744,0.11867995708048784,0.0010797512970218903
6.276276276276276,0.39614325306310394,0.11290205136502532,0.0010195011443926403
6.286286286286286,0.3763255978572165,0.10703945054161969,0.0009593327852173045
6.296296296296296,0.3561508167670646,0.10109847324576016,0.0008993102505722168
6.306306306306306,0.335639475537427,0.09508548538738583,0.0008394961432614867
6.316316316316316,0.31481245645870104,0.08900689351291423,0.0007799515978180843
6.326326326326326,0.2936909371330683,0.08286913815954304,0.0007207362428998348
6.336336336336336,0.2722963689661009,0.07667868720854738,0.000661908166073886
6.346346346346346,0.25065045540562625,0.07044202924426175,0.0006035238809807309
6.356356356356356,0.22877512994990162,0.06416566692539709,0.0005456382968664518
6.366366366366366,0.20669253394735684,0.05785611037529743,0.0004883046904694862
6.376376376376376,0.18442499421035163,0.051519870597688804,0.0004315746802459263
6.386386386386386,0.16199500046555684,0.04516345292441461,0.0003754982029151175
6.396396396396396,0.13942518266371334,0.03879335050158796,0.0003201234923051708
6.406406406406406,0.11673828817162141,0.032416037820515615,0.00026549706047584374
6.416416416416417,0.09395715886936067,0.02603796429968541,0.00021166368109433288
6.426426426426427,0.0711047081757406,0.019665547924007088,0.00015866637503738116
6.436436436436437,0.04820389802506616,0.013305168947417125,0.00010654639819127988
6.446446446446447,0.02527771581836471,0.006963163664874266,5.534323141959716e-05
6.456456456456457,0.0023491513721513083,0.0006458182596527757,5.094572666530287e-06
6.466466466466467,-0.020558826112160273,-0.0056406372682508265,-4.4163668837796586e-05
6.476476476476477,-0.043423291035154854,-0.011890035086897194,-9.239737630543496e-05
6.486486486486487,-0.06622138431964004,-0.01809627542478452,-0.00013957422708900868
6.496496496496497,-0.08893033624130557,-0.02425333236536537,-0.00018566369238878243
6.506506506506507,-0.1115274891470385,-0.030355259538361296,-0.00023063703500819156
6.516516516516517,-0.1339903200382507,-0.03639619570266686,-0.00027446730519896384
6.526526526526527,-0.15629646299673247,-0.042370370215769865,-0.0003171293346382324
6.536536536536537,-0.17842373143072404,-0.04827210838475319,-0.000358599728581233
6.546546546546547,-0.2003501401191169,-0.05409583669409235,-0.00039885685623433924
6.556556556556557,-0.2220539270318683,-0.05983608790559618,-0.00043788083939414016
6.566566566566567,-0.24351357490504563,-0.06548750602601376,-0.0004756535393994245
6.576576576576577,-0.26470783254909863,-0.0710448511379624,-0.0005121585424436755
6.586586586586587,-0.28561573586929634,-0.07650300409000473,-0.0005473811432966258
6.596596596596597,-0.3062166285775595,-0.0818569710418609,-0.0005813083274841666
6.606606606606607,-0.32649018257525025,-0.08710188786090811,-0.0006139287519766096
6.616616616616617,-0.3464164179868328,-0.09223302436628858,-0.0006452327244359415
6.626626626626627,-0.3659757228246851,-0.09724578841711849,-0.0006752121810732756
6.636636636636637,-0.38514887226573513,-0.10213572984146514,-0.0007038606631682103
6.646646646646647,-0.4039170475209998,-0.1068985442029358,-0.000731173292302236
6.656656656656657,-0.42226185427953383,-0.11153007640190118,-0.0007571467443587037
6.666666666666667,-0.44016534070873903,-0.1160263241085574,-0.0007817792223421719
6.676676676676677,-0.4576100149934474,-0.12038344102521373,-0.0008050704280701949
6.686686686686687,-0.4745788623966723,-0.12459773997537775,-0.0008270215327907832
6.696696696696697,-0.49105536182541515,-0.12866569581739593,-0.0008476351467788971
6.706706706706707,-0.5070235018854313,-0.13258394818059588,-0.0008669152879653815
6.716716716716717,-0.5224677964093819,-0.13634930402206363,-0.000884867349651747
6.726726726726727,-0.537373299443355,-0.13995874000238373,-0.0009014980673641646
6.736736736736737,-0.5517256196772616,-0.1434094046788492,-0.0009168154848998556
6.746746746746747,-0.5655109343052409,-0.14669862051485658,-0.0009308289196189924
6.756756756756757,-0.5787160023027382,-0.14982388570437621,-0.0009435489270348942
6.766766766766767,-0.5913281771075475,-0.15278287581058822,-0.0009549872647550764
6.776776776776777,-0.603335418692714,-0.1555734452179648,-0.0009651568558253688
6.786786786786787,-0.6147263050198091,-0.15819362839726853,-0.0009740717515289251
6.796796796796797,-0.6254900428617283,-0.1606416409831299,-0.0009817470936915253
6.806806806806807,-0.6356164779847986,-0.16291588066405477,-0.0009881990765440816
6.816816816816817,-0.6450961046806413,-0.16501492788490418,-0.0009934449081927456
6.826826826826827,-0.6539200746388892,-0.16693754636207583,-0.0009975027717464252
6.836836836836837,-0.6620802051525326,-0.1686826834118044,-0.0010003917861509293
6.846846846846847,-0.6695689866483421,-0.17024947009218291,-0.0010021319667782803
6.856856856856857,-0.6763795895354998,-0.1716372211596938,-0.0010027441858190581
6.866866866866867,-0.6825058703662625,-0.17284543484121734,-0.0010022501325248907
6.876876876876877,-0.6879423773031723,-0.17387379242267018,-0.0010006722733474469
6.886886886886887,-0.6926843548880336,-0.17472215765560148,-0.0009980338120194766
6.896896896896897,-0.6967277481085775,-0.17539057598325267,-0.0009943586496226002
6.906906906906907,-0.700069205759445,-0.1758792735877617,-0.0009896713446856914
6.916916916916917,-0.702706083094821,-0.17618865626036034,-0.0009839970733567687
6.926926926926927,-0.7046364437707823,-0.17631930809658725,-0.0009773615896904169
6.936936936936937,-0.7058590610761152,-0.17627199001870075,-0.0009697911860917645
6.946946946946947,-0.7063734184510854,-0.1760476381276407,-0.0009613126539570846
6.956956956956957,-0.7061797092943533,-0.17564736188704763,-0.0009519532445500638
6.966966966966967,-0.7052788360589387,-0.17507244214200368,-0.0009417406301517601
6.976976976976977,-0.7036724086388538,-0.17432432897531358,-0.0009307028655212162
6.986986986986987,-0.7013627420487277,-0.17340463940429174,-0.0009188683497026193
6.996996996996997,-0.6983528533994569,-0.17231515492116867,-0.0009062657882138182
7.007007007007007,-0.6946464581736125,-0.17105781888037083,-0.0008929241556498902
7.017017017017017,-0.6902479658050384,-0.1696347337360657,-0.0008788726587343407
7.027027027027027,-0.6851624745677624,-0.1680481581334977,-0.0008641406998493777
7.037037037037037,-0.6793957657800314,-0.16630050385777043,-0.0008487578410755584
7.047047047047047,-0.6729542973299618,-0.1643943326438551,-0.0008327537687699509
7.057057057057057,-0.6658451965299697,-0.162332352851726,-0.0008161582587107874
7.067067067067067,-0.6580762523078068,-0.16011741601064033,-0.000799001141835411
7.077077077077077,-0.649655906742694,-0.15775251323669084,-0.0007813122705971451
7.087087087087087,-0.6405932459556751,-0.15524077152786575,-0.0007631214859655174
7.097097097097097,-0.6308979903639774,-0.15258544994095619,-0.0007444585850931131
7.107107107107107,-0.6205804843097619,-0.14978993565474233,-0.0007253532896711022
7.117117117117117,-0.6096516850742849,-0.14685773992398704,-0.0007058352149943336
7.127127127127127,-0.5981231512890914,-0.14379249392885085,-0.0006859338397556816
7.137137137137137,-0.5860070307564477,-0.14059794452442445,-0.000665678476588149
7.147147147147147,-0.5733160476918067,-0.13727794989515138,-0.0006450982433720506
7.157157157157157,-0.5600634894016624,-0.1338364751189866,-0.0006242220353234155
7.167167167167167,-0.5462631924107023,-0.13027758764620218,-0.000603078497878586
7.177177177177177,-0.5319295280527052,-0.12660545269781304,-0.0005816960003888114
7.187187187187187,-0.5170773875401539,-0.12282432858865178,-0.0005601026106374919
7.197197197197197,-0.5017221665280401,-0.11893856198017222,-0.0005383260701915651
7.207207207207207,-0.48587974918782845,-0.11495258306810632,-0.0005163937705974038
7.217217217217217,-0.4695664918080239,-0.11087090071013962,-0.0004943327304304533
7.227227227227227,-0.4527992059382411,-0.10669809749880431,-0.0004721695732067333
7.237237237237237,-0.4355951410941182,-0.10243882478481865,-0.0004499305061632208
7.247247247247247,-0.4179719670408391,-0.09809779765612522,-0.0004276412999130474
7.257257257257257,-0.3999477556734213,-0.09367978987789607,-0.0004053272689803603
7.267267267267267,-0.3815409625123503,-0.0891896287987949,-0.000383013253218678
7.277277277277277,-0.3627704078334436,-0.08463219022877826,-0.0003607236001154663
7.287287287287287,-0.34365525745123937,-0.08001239329373609,-0.0003384821479847064
7.297297297297297,-0.3242150031754949,-0.07533519527225863,-0.0003163122100481807
7.307307307307307,-0.30446944296069844,-0.07060558641981216,-0.0002942365594052343
7.317317317317317,-0.2844386607687867,-0.06582858478559146,-0.0002722774148898007
7.327327327327327,-0.2641430061655245,-0.061009231027298064,-0.0002504564278125378
7.337337337337337,-0.24360307367125175,-0.056152583229069034,-0.0002287946695849962
7.347347347347347,-0.22283968188692646,-0.05126371172775238,-0.00020731262022184157
7.357357357357357,-0.20187385241659767,-0.046347693952690096,-0.00018603015771627294
7.367367367367367,-0.18072678860762487,-0.041409609284130865,-0.0001649665482829211
7.377377377377377,-0.15941985413012133,-0.03645453393535036,-0.00014414043746168104
7.387387387387387,-0.13797455141723808,-0.03148753586350727,-0.00012356984207511916
7.397397397397397,-0.11641249998802436,-0.02651366971420996,-0.00010327214303131353
7.407407407407407,-0.09475541467469427,-0.02153797180470907,-8.326407896322227e-05
7.4174174174174174,-0.07302508377620552,-0.016565455150568897,-6.356174069493991e-05
7.4274274274274275,-0.05124334716010795,-0.011601104540602118,-4.4180566524492195e-05
7.4374374374374375,-0.029432074334634833,-0.006649871664776807,-2.513533831211933e-05
7.4474474474474475,-0.007613142513067087,-0.0017166702997391367,-6.44017836238173e-06
7.4574574574574575,0.014191585307698137,0.003193628443505183,1.1891452912285655e-05
7.4674674674674675,0.03596028223239418,0.00807620080527352,2.9846758559478982e-05
7.4774774774774775,0.057671179294576005,0.012926274991876797,4.741360589972586e-05
7.4874874874874875,0.07930258720394773,0.017739135714990997,6.458052659845632e-05
7.4974974974974975,0.10083291799212282,0.02251012865154053,8.133671601165168e-05
7.5075075075075075,0.12224070653523696,0.02723466482000523,9.767203182028207e-05
7.5175175175175175,0.1435046319319777,0.03190822486916708,0.00011357699196911877
7.5275275275275275,0.16460353871576267,0.03652636327542081,0.0001290427719259594
7.5375375375375375,0.18551645787998372,0.04108471244488387,0.00014406120127772565
7.5475475475475475,0.20622262769544483,0.04557898671665548,0.000158624759680292
7.5575575575575575,0.22670151429934854,0.050004986263692736,0.00017272657217927434
7.5675675675675675,0.2469328320354367,0.0543586008878916,0.00018636040391935247
7.5775775775775776,0.26689656352516,0.05863581370608446,0.0001995206542600188
7.587587587587588,0.28657297945004145,0.06283270472379227,0.00021220235031593936
7.597597597597598,0.3059426580257066,0.06694545429369723,0.0002244011399403804
7.607607607607608,0.3249865041483807,0.07097034645593342,0.00023611328417039355
7.617617617617618,0.3436857681950151,0.0749037721574287,0.000247335649152681
7.627627627627628,0.36202206445852503,0.0787422323476573,0.00025806569756922106
7.637637637637638,0.37997738920008206,0.08248234094831623,0.0002683014795819559
7.647647647647648,0.3975341383007281,0.0861208276945612,0.00027804162331593156
7.657657657657658,0.4146751244950453,0.08965454084558919,0.00028728532490043227
7.667667667667668,0.4313835941700342,0.09308044976249301,0.00029603233808773505
7.677677677677678,0.44764324371280884,0.09639564735145859,0.00030428296346918357
7.687687687687688,0.46343823539118467,0.09959735237051974,0.00031203803730833014
7.697697697697698,0.4787532127517209,0.10268291159823241,0.00031929892001092023
7.707707707707708,0.4935733155202747,0.10564980186277592,0.00032606748425149864
7.717717717717718,0.5078841939906403,0.10849563193013842,0.00033234610277639896
7.727727727727728,0.5216720228873728,0.11121814425019051,0.0003381376359028396
7.737737737737738,0.534923514689436,0.11381521655960072,0.00034344541873378924
7.747747747747748,0.5476259324018692,0.1162848633406958,0.0003482732481081877
7.757757757757758,0.5597671017632305,0.11862523713551766,0.00035262536930600425
7.767767767767768,0.5713354228771549,0.1208346297144784,0.0003565064625275024
7.777777777777778,0.5823198812569493,0.12291147309916403,0.000359921629165936
7.787787787787788,0.5927100582727596,0.12485434043898774,0.00036287637789275684
7.797797797797798,0.6024961409914181,0.12666194674153697,0.00036537661057421873
7.807807807807808,0.6116689313997561,0.12833314945661545,0.0003674286080381048
7.817817817817818,0.6202198550027324,0.1298669489141196,0.00036903901570906603
7.827827827827828,0.6281409687884049,0.13126248861603962,0.00037021482913085463
7.837837837837838,0.6354249685523944,0.13251905538302042,0.00037096337939349024
7.847847847847848,0.6420651955751495,0.13363607935606026,0.00037129231848314454
7.857857857857858,0.6480556426459665,0.1346131338540696,0.0003712096045722615
7.867867867867868,0.6533909594283884,0.13544993508815203,0.00037072348726714807
7.877877877877878,0.658066457162265,0.13614634173361073,0.0003698424928299759
7.887887887887888,0.6620781126984275,0.1367023543608206,0.0003685754093918255
7.897897897897898,0.6654225718626074,0.13711811472624355,0.00036693127217308564
7.907907907907908,0.6680971521458964,0.13739390492499753,0.00036491934872718857
7.917917917917918,0.6700998447197292,0.13753014640652353,0.0003625491242233199
7.927927927927928,0.671429315774047,0.1375273988550232,0.00035983028678338854
7.937937937937938,0.6720849071779762,0.1373863589364685,0.00035677271288818256
7.947947947947948,0.6720666364630404,0.13710785891410973,0.0003533864528672615
7.957957957957958,0.6713751961295995,0.1366928651345302,0.00034968171648675866
7.967967967967968,0.6700119522778866,0.13614247638641733,0.0003456688586488795
7.977977977977978,0.6679789425656932,0.1354579221343349,0.00034135836521648487
7.987987987987988,0.6652788734954171,0.1346405606298981,0.0003367608389757475
7.997997997997998,0.6619151170338663,0.1336918769028618,0.0003318869857494623
8.008008008008009,0.657891706568868,0.13261348063474246,0.00032674760067317543
8.018018018018019,0.6532133322074023,0.13140710391769903,0.0003213535546458833
8.028028028028029,0.6478853354206197,0.13007459890149756,0.0003157157809666177
8.038038038038039,0.6419137030417698,0.1286179353314874,0.0003098452621678241
8.048048048048049,0.6353050606236949,0.12703919798060684,0.0003037530170559917
8.058058058058059,0.6280666651631841,0.12534058397853082,0.0002974500879695708
8.068068068068069,0.6202063972001091,0.12352440004115976,0.00029094752826377393
8.078078078078079,0.6117327522998818,0.12159305960373387,0.0002842563900314187
8.088088088088089,0.602654831928382,0.1195490798609364,0.00027738771206853297
8.098098098098099,0.5929823337291038,0.11739507871742755,0.0002703525080930025
8.108108108108109,0.5827255412128538,0.1151337716523219,0.0002631617552240973
8.118118118118119,0.5718953128709284,0.11276796850119455,0.00025582638273028416
8.128128128128129,0.5605030707232347,0.1103005701592609,0.00024835726105227517
8.138138138138139,0.5485607883134048,0.10773456520944105,0.000240765191107842
8.148148148148149,0.5360809781634762,0.10507302647907472,0.0002330608938844781
8.158158158158159,0.5230766787012462,0.10231910752910493,0.00022525500032555894
8.168168168168169,0.5095614406739222,0.09947603907959904,0.00021735804151522015
8.178178178178179,0.49554931306219097,0.09654712537551906,0.0002093804391667405
8.188188188188189,0.4810548285093163,0.09353574049669498,0.00020133249641879404
8.198198198198199,0.4660929882803454,0.0904453246159901,0.00019322438894351108
8.208208208208209,0.45067924676695986,0.0872793802096802,0.00018506615636986986
8.218218218218219,0.4348294955539469,0.0840414682240963,0.00017686769402552754
8.228228228228229,0.41856004706368943,0.08073520420260435,0.00016863874499978922
8.238238238238239,0.4018876177954805,0.07736425437701473,0.00016038889253001037
8.248248248248249,0.3848293111768555,0.07393233172753,0.00015212755271332956
8.258258258258259,0.3674026000445077,0.07044319201535029,0.000143863967545235
8.268268268268269,0.3496253087727068,0.06690062979206271,0.0001356071982860839
8.278278278278279,0.3315155950674747,0.06330847438994414,0.00012736611915631146
8.288288288288289,0.31309193144507963,0.05967058589730299,0.00011914941136069133
8.298298298298299,0.2943730864137448,0.05599085112298774,0.00011096555744165537
8.308308308308309,0.27537810537767926,0.052273179554166965,0.00010282283596129826
8.318318318318319,0.2561262912828661,0.048521499311485354,9.472931651136469e-05
8.328328328328329,0.23663718502424158,0.04473975310567427,8.669285505015976e-05
8.338338338338339,0.2169305456341303,0.04093189419967616,7.872108956499044e-05
8.348348348348349,0.197026330272001,0.037101882380316246,7.082143605841958e-05
8.358358358358359,0.1769446740357845,0.03325367994352469,6.300108485629297e-05
8.368368368368369,0.1567058696151558,0.029391247697079306,5.526699723519081e-05
8.378378378378379,0.13633034680731734,0.025518540984801136,4.762590236665147e-05
8.388388388388389,0.11583865191594157,0.021639505736094133,4.008429457522381e-05
8.398398398398399,0.09525142705402323,0.01775807454467524,3.2648430907119106e-05
8.408408408408409,0.07458938937147028,0.013878162780292613,2.532432900595917e-05
8.418418418418419,0.053873310228315596,0.010003664737177557,1.811776529185189e-05
8.428428428428429,0.03312399433446505,0.006138449822920212,1.1034273439768422e-05
8.438438438438439,0.012362258876911043,0.0022863587913998008,4.0791431529502976e-06
8.448448448448449,-0.008391087344668882,-0.001548799976662075,-2.7425807731632536e-06
8.458458458458459,-0.029115264753034775,-0.005363254142021902,-9.426099101223802e-06
8.468468468468469,-0.04978954377840201,-0.00915327102067723,-1.596685852143761e-05
8.478478478478479,-0.07039326557254945,-0.012915161139703887,-2.2360551745356694e-05
8.488488488488489,-0.09090586263138672,-0.016645281731889193,-2.8603117329373814e-05
8.498498498498499,-0.11130687930538073,-0.02034004016594594,-3.4690739233460254e-05
8.508508508508509,-0.13157599217742233,-0.02399589730918165,-4.061984612088019e-05
8.518518518518519,-0.15169303028785197,-0.027609370819578163,-4.638711040477892e-05
8.528528528528529,-0.17163799518653877,-0.031177038364323346,-5.1989447047702696e-05
8.538538538538539,-0.19139108079209938,-0.03469554076192526,-5.742401212025698e-05
8.548548548548549,-0.21093269303855894,-0.03816158504513047,-6.268820112525009e-05
8.558558558558559,-0.2302434692899854,-0.04157194744196151,-6.777964709379904e-05
8.568568568568569,-0.24930429750388441,-0.04492347627228455,-7.26962184599949e-05
8.578578578578579,-0.2680963351244089,-0.04821309475741588,-7.743601672083608e-05
8.588588588588589,-0.28660102768672985,-0.05143780374037585,-8.199737388823883e-05
8.598598598598599,-0.3048001271142221,-0.05459468431450076,-8.637884974002648e-05
8.608608608608609,-0.32267570969044446,-0.05768090035822676,-9.057922887688157e-05
8.618618618618619,-0.34021019368823674,-0.06069370097396494,-9.459751759231793e-05
8.62862862862863,-0.35738635663861806,-0.06363042282909344,-9.843294056279372e-05
8.63863863863864,-0.3741873522225592,-0.06648849239720327,-0.00010208493736514527
8.64864864864865,-0.3905967267690579,-0.06926542809783638,-0.00010555315882855611
8.65865865865866,-0.4065984353434241,-0.07195884233307813,-0.00010883746322833225
8.66866866866867,-0.4221768574100412,-0.07456644341946553,-0.00011193791232876442
8.67867867867868,-0.437316812054351,-0.07708603741379336,-0.00011485476728238929
8.68868868868869,-0.4520035727492554,-0.07951552983151125,-0.00011758848439297018
8.6986986986987,-0.46622288165159725,-0.08185292725651988,-0.00012013971074952165
8.70870870870871,-0.47996096341487365,-0.0840963388412895,-0.0001225092797386976
8.71871871871872,-0.49320453850482643,-0.08624397769633989,-0.00012469820644285092
8.72872872872873,-0.5059408360050714,-0.08829416216823657,-0.00012670768293105173
8.73873873873874,-0.5181576059004495,-0.09024531700537489,-0.0001285390734503244
8.74874874874875,-0.5298431308263175,-0.09209597441093935,-0.00013019390952432802
8.75875875875876,-0.5409862372725451,-0.09384477498254323,-0.00013167388496666265
8.76876876876877,-0.5515763062315403,-0.09549046853816853,-0.0001329808508159354
8.77877877877878,-0.5616032832801926,-0.09703191482814384,-0.00013411681019966296
8.78878878878879,-0.5710576880862054,-0.09846808413301285,-0.00013508391313402578
8.7987987987988,-0.579930623329866,-0.09979805774726183,-0.0001358844512664196
8.80880880880881,-0.5882137830329042,-0.10102102834898967,-0.00013652085256767428
8.81881881881882,-0.5958994602866957,-0.10213630025571856,-0.0001369956759807307
8.82882882882883,-0.6029805543726526,-0.10314328956665471,-0.00013731160603247435
8.83883883883884,-0.6094505772683004,-0.10404152419182564,-0.00013747144741533965
8.84884884884885,-0.6153036595331205,-0.10483064376862739,-0.00013747811954519318
8.85885885885886,-0.6205345555688919,-0.10551039946642848,-0.00013733465110190516
8.86886886886887,-0.6251386482498877,-0.10608065367998606,-0.00013704417455890957
8.87887887887888,-0.6291119529189159,-0.10654137961253733,-0.00013660992070793968
8.88888888888889,-0.6324511207458401,-0.10689266074953663,-0.0001360352131850093
8.8988988988989,-0.635153441445852,-0.1071346902241133,-0.00013532346300358783
8.90890890890891,-0.6372168453554131,-0.10726777007542877,-0.00013447816310079185
8.91891891891892,-0.638639904864429,-0.10729231040121394,-0.0001335028829022854
8.92892892892893,-0.6394218352038679,-0.10720882840586685,-0.00013240126291144997
8.93893893893894,-0.6395624945886748,-0.10701794734558977,-0.00013117700932824546
8.94894894894895,-0.6390623837164886,-0.10672039537214036,-0.00012983388870304653
8.95895895895896,-0.6379226446233053,-0.10631700427686598,-0.00012837572263059408
8.96896896896897,-0.6361450588978762,-0.10580870813678193,-0.00012680638248905603
8.97897897897898,-0.6337320452572756,-0.10519654186454437,-0.0001251297842290444
8.98898898898899,-0.6306866564867006,-0.10448163966425603,-0.0001233498832172839
8.998998998999,-0.6270125757472073,-0.10366523339512727,-0.00012147066913947523
9.00900900900901,-0.6227141122557139,-0.10274865084509927,-0.0001194961609667419
9.01901901901902,-0.6177961963422262,-0.10173331391661347,-0.00011743040198989182
9.02902902902903,-0.6122643738898568,-0.10062073672679174,-0.00011527745492556856
9.03903903903904,-0.6061248001638291,-0.09941252362436431,-0.00011304139709820693
9.04904904904905,-0.5993842330362561,-0.09811036712575583,-0.00011072631570154749
9.05905905905906,-0.5920500256140846,-0.09671604577280853,-0.00010833630314330363
9.06906906906907,-0.5841301182781883,-0.09523142191468818,-0.00010587545247641252
9.07907907907908,-0.575633030142172,-0.09365843941658229,-0.00010334785292013896
9.08908908908909,-0.5665678499400224,-0.09199912129785966,-0.00010075758547413837
9.0990990990991,-0.5569442263523049,-0.0902555673024194,-9.810871862842187e-05
9.10910910910911,-0.5467723577811595,-0.08842995140401089,-9.540530417200388e-05
9.11911911911912,-0.5360629815848873,-0.08652451924935835,-9.265137310284946e-05
9.12912912912913,-0.5248273627834515,-0.08454158554197172,-8.985093164157613e-05
9.13913913913914,-0.5130772822467393,-0.08248353136957123,-8.700795735120409e-05
9.14914914914915,-0.5008250243779269,-0.08035280147809463,-8.412639536508563e-05
9.15915915915916,-0.48808336430479954,-0.07815190149529545,-8.12101547249866e-05
9.16916916916917,-0.47486555459233326,-0.07588339510697496,-7.826310483113041e-05
9.17917917917918,-0.4611853114903522,-0.0735499011889272,-7.528907200586236e-05
9.18918918918919,-0.44705680073047244,-0.07115409089769786,-7.229183617242732e-05
9.1991991991992,-0.43249462288703183,-0.06869868472329232,-6.927512765020645e-05
9.20920920920921,-0.41751379831709534,-0.06618644950698459,-6.624262406759997e-05
9.21921921921922,-0.40212975169504656,-0.06362019542740138,-6.319794739359299e-05
9.22922922922923,-0.38635829615765893,-0.06100277295807046,-6.014466108889089e-05
9.23923923923924,-0.37021561707591993,-0.05833706979963515,-5.708626737736286e-05
9.24924924924925,-0.3537182554702372,-0.05562600778994715,-5.4026204638386166e-05
9.25925925925926,-0.3368830910859929,-0.052872539795255,-5.09678449205401e-05
9.26926926926927,-0.3197273251467433,-0.05007964658570935,-4.791449157695731e-05
9.27927927927928,-0.302268462802657,-0.04725033369840524,-4.486937702250123e-05
9.28928928928929,-0.2845242952920821,-0.04438762829117867,-4.1835660612802324e-05
9.2992992992993,-0.2665128818343929,-0.04149457599036721,-3.881642664505179e-05
9.30930930930931,-0.2482525312725266,-0.03857423773573523,-3.581468248032102e-05
9.31931931931932,-0.2297617834838456,-0.035629686625750716,-3.283335678704682e-05
9.32932932932933,-0.21105939057817857,-0.032664004766384425,-2.9875297905197304e-05
9.33933933933934,-0.19216429790208864,-0.02968028012658327,-2.6943272330511785e-05
9.34934934934935,-0.17309562486857683,-0.026681603403545025,-2.4039963318086742e-05
9.35935935935936,-0.15387264563162978,-0.023671064900902532,-2.116796960447046e-05
9.36936936936937,-0.13451476962508258,-0.02065175142288633,-1.8329804247305922e-05
9.37937937937938,-0.11504152198545696,-0.01762674318751385,-1.5527893581462428e-05
9.38938938938939,-0.09547252387848904,-0.014599110761812775,-1.2764576290484405e-05
9.3993993993994,-0.07582747274915079,-0.011571912022050945,-1.0042102592085136e-05
9.40940940940941,-0.05612612251502477,-0.008548189141904873,-7.362633536313665e-06
9.41941941941942,-0.036388263722928825,-0.005530965611456377,-4.728240414927392e-06
9.42942942942943,-0.016633703688703438,-0.00252324328986126,-2.1409042804106305e-06
9.43943943943944,0.0031177533599275405,0.00047200050551409075,3.9748442700935103e-07
9.44944944944945,0.022846326117535967,0.0034518158707428402,2.885126146082446e-06
9.45945945945946,0.04253227599236377,0.00641328314508248,5.3203123568071835e-06
9.46946946946947,0.06215592683511111,0.00935351569617768,7.701425640146792e-06
9.47947947947948,0.0816976845854393,0.012269662658142617,1.002693963715742e-05
9.48948948948949,0.10113805681659142,0.015158911620004437,1.2295418909566872e-05
9.4994994994995,0.12045767215865541,0.01801849126205202,1.4505518703909332e-05
9.50950950950951,0.13963729958113538,0.020845673937698865,1.6655984621385034e-05
9.51951951951952,0.15865786751565505,0.023637778198535263,1.8745652195673485e-05
9.52952952952953,0.1775004827998114,0.026392171260316025,2.07734463809869e-05
9.53953953953954,0.1961464494233498,0.029106271407693843,2.2738380952697747e-05
9.54954954954955,0.21457728705812443,0.031777550335592174,2.463955782293231e-05
9.55955955955956,0.23277474935346626,0.034403535425174554,2.647616627355883e-05
9.56956956956957,0.2507208419788811,0.036981811952449845,2.8247482109045786e-05
9.57957957957958,0.26839784039625525,0.0395100252276285,2.99528667317029e-05
9.58958958958959,0.2857883073440375,0.04198588266342378,3.159176614185211e-05
9.5995995995996,0.3028751100161724,0.04440715577057312,3.316370986550765e-05
9.60960960960961,0.31964143691888264,0.046771682078935575,3.466830981217199e-05
9.61961961961962,0.3360708143887377,0.049077366982605536,3.6105259065379155e-05
9.62962962962963,0.3521471227558023,0.05132218550756607,3.7474330608638137e-05
9.63963963963964,0.3678546121360295,0.05350418400049122,3.877537598944699e-05
9.64964964964965,0.3831779178374506,0.05562148173739228,4.0008323924062887e-05
9.65965965965966,0.39810207536511666,0.057672272450890835,4.117317884572475e-05
9.66966966966967,0.4126125350101627,0.05965482577498855,4.2270019399033466e-05
9.67967967967968,0.42669517600879725,0.06156748860629286,4.329899688319964e-05
9.68968968968969,0.44033632025746555,0.0634086863807467,4.4260333646871056e-05
9.6996996996997,0.45352274557088995,0.0651769242649999,4.5154321437251025e-05
9.70970970970971,0.466241698470175,0.0668707882616515,4.598131970621559e-05
9.71971971971972,0.4784809064886133,0.06848894622767854,4.6741753876128256e-05
9.72972972972973,0.4902285899833818,0.07003014880546445,4.743611356804609e-05
9.73973973973974,0.5014734734417642,0.07149323026592415,4.8064950794993714e-05
9.74974974974975,0.5122047962710947,0.07287710926331813,4.862887812296997e-05
9.75975975975976,0.5224123230621243,0.0741807895014367,4.912856680233314e-05
9.76976976976977,0.5320863533160619,0.07540336031092759,4.9564744872190914e-05
9.77977977977978,0.5412177306260787,0.07654399713762934,4.9938195240398395e-05
9.78978978978979,0.5497978513046264,0.07760196194186392,5.024975374174282e-05
9.7997997997998,0.557818672448485,0.07857660350873157,5.0500307176865915e-05
9.80980980980981,0.565272719434018,0.07946735766954023,5.069079133444572e-05
9.81981981981982,0.572153092835704,0.08027374743459019,5.082218899912763e-05
9.82982982982983,0.5784534747615868,0.08099538303762341,5.0895527947660815e-05
9.83983983983984,0.5841681345998835,0.08163196189233353,5.091187893566031e-05
9.84984984984985,0.5892919341715831,0.0821832684614194,5.087235367737726e-05
9.85985985985986,0.5938203322844693,0.08264917403875062,5.077810282082031e-05
9.86986986986987,0.5977493886846031,0.08302963644529752,5.0630313920529696e-05
9.87987987987988,0.6010757674019133,0.08332469963956284,5.043020941026267e-05
9.88988988988989,0.6037967394871436,0.08353449324333202,5.017904457780376e-05
9.8998998998999,0.6059101851380323,0.0836592319836439,4.9878105544067985e-05
9.90990990990991,0.6074145952131987,0.08369921505195972,4.952870724861678e-05
9.91991991991992,0.6083090721328367,0.08365482538158893,4.9132191443657513e-05
9.92992992992993,0.6085933301659235,0.0835265288445064,4.8689924698547504e-05
9.93993993993994,0.6082676951042738,0.08331487336877141,4.82032964167716e-05
9.94994994994995,0.6073331033243747,0.08302048797783207,4.767371686730976e-05
9.95995995995996,0.6057911002385575,0.08264408175307147,4.710261523225764e-05
9.96996996996997,0.6036438381376666,0.08218644272102225,4.6491437672508234e-05
9.97997997997998,0.6008940734279953,0.08164843666674443,4.5841645413247244e-05
9.98998998998999,0.5975451632658635,0.08103100587492876,4.515471285095847e-05
10.0,0.5936010615938101,0.08033516780035228,4.443212568357836e-05
